Using pre-set license
Built from '2022.3/staging' branch; Version is '2022.3.45f1 (a13dfa44d684) revision 10567162'; Using compiler version '192829333'; Build Type 'Release'
OS: 'Windows 10  (10.0.19045) 64bit Education' Language: 'en' Physical Memory: 48982 MB
BatchMode: 1, IsHumanControllingUs: 0, StartBugReporterOnCrash: 0, Is64bit: 1, IsPro: 1

COMMAND LINE ARGUMENTS:
D:\UnityEditor\2022.3.45f1\Editor\Unity.exe
-adb2
-batchMode
-noUpm
-name
AssetImportWorker8
-projectPath
D:/UnityProjects/Open-World-Racing/The Racing Spectacle
-logFile
Logs/AssetImportWorker8.log
-srvPort
49946
Successfully changed project path to: D:/UnityProjects/Open-World-Racing/The Racing Spectacle
D:/UnityProjects/Open-World-Racing/The Racing Spectacle
[UnityMemory] Configuration Parameters - Can be set up in boot.config
    "memorysetup-bucket-allocator-granularity=16"
    "memorysetup-bucket-allocator-bucket-count=8"
    "memorysetup-bucket-allocator-block-size=33554432"
    "memorysetup-bucket-allocator-block-count=8"
    "memorysetup-main-allocator-block-size=16777216"
    "memorysetup-thread-allocator-block-size=16777216"
    "memorysetup-gfx-main-allocator-block-size=16777216"
    "memorysetup-gfx-thread-allocator-block-size=16777216"
    "memorysetup-cache-allocator-block-size=4194304"
    "memorysetup-typetree-allocator-block-size=2097152"
    "memorysetup-profiler-bucket-allocator-granularity=16"
    "memorysetup-profiler-bucket-allocator-bucket-count=8"
    "memorysetup-profiler-bucket-allocator-block-size=33554432"
    "memorysetup-profiler-bucket-allocator-block-count=8"
    "memorysetup-profiler-allocator-block-size=16777216"
    "memorysetup-profiler-editor-allocator-block-size=1048576"
    "memorysetup-temp-allocator-size-main=16777216"
    "memorysetup-job-temp-allocator-block-size=2097152"
    "memorysetup-job-temp-allocator-block-size-background=1048576"
    "memorysetup-job-temp-allocator-reduction-small-platforms=262144"
    "memorysetup-allocator-temp-initial-block-size-main=262144"
    "memorysetup-allocator-temp-initial-block-size-worker=262144"
    "memorysetup-temp-allocator-size-background-worker=32768"
    "memorysetup-temp-allocator-size-job-worker=262144"
    "memorysetup-temp-allocator-size-preload-manager=33554432"
    "memorysetup-temp-allocator-size-nav-mesh-worker=65536"
    "memorysetup-temp-allocator-size-audio-worker=65536"
    "memorysetup-temp-allocator-size-cloud-worker=32768"
    "memorysetup-temp-allocator-size-gi-baking-worker=262144"
    "memorysetup-temp-allocator-size-gfx=262144"
Player connection [13788]  Target information:

Player connection [13788]  * "[IP] 142.55.42.113 [Port] 0 [Flags] 2 [Guid] 3644359449 [EditorId] 3644359449 [Version] 1048832 [Id] WindowsEditor(7,oa-s421-02) [Debug] 1 [PackageName] WindowsEditor [ProjectName] Editor" 

Player connection [13788] Host joined multi-casting on [225.0.0.222:54997]...
Player connection [13788] Host joined alternative multi-casting on [225.0.0.222:34997]...
[PhysX] Initialized MultithreadedTaskDispatcher with 12 workers.
Refreshing native plugins compatible for Editor in 5.47 ms, found 2 plugins.
Preloading 0 native plugins for Editor in 0.00 ms.
Initialize engine version: 2022.3.45f1 (a13dfa44d684)
[Subsystems] Discovering subsystems at path D:/UnityEditor/2022.3.45f1/Editor/Data/Resources/UnitySubsystems
[Subsystems] Discovering subsystems at path D:/UnityProjects/Open-World-Racing/The Racing Spectacle/Assets
GfxDevice: creating device client; threaded=0; jobified=0
Direct3D:
    Version:  Direct3D 11.0 [level 11.1]
    Renderer: NVIDIA GeForce GTX 1080 (ID=0x1b80)
    Vendor:   NVIDIA
    VRAM:     8059 MB
    Driver:   32.0.15.6109
Initialize mono
Mono path[0] = 'D:/UnityEditor/2022.3.45f1/Editor/Data/Managed'
Mono path[1] = 'D:/UnityEditor/2022.3.45f1/Editor/Data/MonoBleedingEdge/lib/mono/unityjit-win32'
Mono config path = 'D:/UnityEditor/2022.3.45f1/Editor/Data/MonoBleedingEdge/etc'
Using monoOptions --debugger-agent=transport=dt_socket,embedding=1,server=y,suspend=n,address=127.0.0.1:56236
Begin MonoManager ReloadAssembly
Registering precompiled unity dll's ...
Register platform support module: D:/UnityEditor/2022.3.45f1/Editor/Data/PlaybackEngines/AndroidPlayer/UnityEditor.Android.Extensions.dll
Register platform support module: D:/UnityEditor/2022.3.45f1/Editor/Data/PlaybackEngines/WindowsStandaloneSupport/UnityEditor.WindowsStandalone.Extensions.dll
Registered in 0.004812 seconds.
- Loaded All Assemblies, in  0.401 seconds
Native extension for WindowsStandalone target not found
Native extension for Android target not found
Android Extension - Scanning For ADB Devices 288 ms
Mono: successfully reloaded assembly
- Finished resetting the current domain, in  0.635 seconds
Domain Reload Profiling: 1035ms
	BeginReloadAssembly (115ms)
		ExecutionOrderSort (0ms)
		DisableScriptedObjects (0ms)
		BackupInstance (0ms)
		ReleaseScriptingObjects (0ms)
		CreateAndSetChildDomain (1ms)
	RebuildCommonClasses (44ms)
	RebuildNativeTypeToScriptingClass (12ms)
	initialDomainReloadingComplete (55ms)
	LoadAllAssembliesAndSetupDomain (175ms)
		LoadAssemblies (115ms)
		RebuildTransferFunctionScriptingTraits (0ms)
		AnalyzeDomain (172ms)
			TypeCache.Refresh (170ms)
				TypeCache.ScanAssembly (155ms)
			ScanForSourceGeneratedMonoScriptInfo (0ms)
			ResolveRequiredComponents (1ms)
	FinalizeReload (635ms)
		ReleaseScriptCaches (0ms)
		RebuildScriptCaches (0ms)
		SetupLoadedEditorAssemblies (585ms)
			LogAssemblyErrors (0ms)
			InitializePlatformSupportModulesInManaged (395ms)
			SetLoadedEditorAssemblies (5ms)
			RefreshPlugins (0ms)
			BeforeProcessingInitializeOnLoad (2ms)
			ProcessInitializeOnLoadAttributes (132ms)
			ProcessInitializeOnLoadMethodAttributes (50ms)
			AfterProcessingInitializeOnLoad (0ms)
			EditorAssembliesLoaded (0ms)
		ExecutionOrderSort2 (0ms)
		AwakeInstancesAfterBackupRestoration (0ms)
========================================================================
Worker process is ready to serve import requests
Caller must complete domain reload
Begin MonoManager ReloadAssembly
- Loaded All Assemblies, in  0.530 seconds
Native extension for WindowsStandalone target not found
Native extension for Android target not found
Package Manager log level set to [2]
[Package Manager] Server::EnsureServerProcessIsRunning -- launch failed, reason: Unity was launched with the -noUpm command-line argument
[Package Manager] UpmClient::Send -- Unable to send message (not connected to UPM process).
[Package Manager] Cannot connect to Unity Package Manager local server
Mono: successfully reloaded assembly
- Finished resetting the current domain, in  0.604 seconds
Domain Reload Profiling: 1134ms
	BeginReloadAssembly (160ms)
		ExecutionOrderSort (0ms)
		DisableScriptedObjects (6ms)
		BackupInstance (0ms)
		ReleaseScriptingObjects (0ms)
		CreateAndSetChildDomain (26ms)
	RebuildCommonClasses (37ms)
	RebuildNativeTypeToScriptingClass (12ms)
	initialDomainReloadingComplete (26ms)
	LoadAllAssembliesAndSetupDomain (296ms)
		LoadAssemblies (267ms)
		RebuildTransferFunctionScriptingTraits (0ms)
		AnalyzeDomain (120ms)
			TypeCache.Refresh (98ms)
				TypeCache.ScanAssembly (80ms)
			ScanForSourceGeneratedMonoScriptInfo (15ms)
			ResolveRequiredComponents (7ms)
	FinalizeReload (604ms)
		ReleaseScriptCaches (0ms)
		RebuildScriptCaches (0ms)
		SetupLoadedEditorAssemblies (422ms)
			LogAssemblyErrors (0ms)
			InitializePlatformSupportModulesInManaged (18ms)
			SetLoadedEditorAssemblies (5ms)
			RefreshPlugins (0ms)
			BeforeProcessingInitializeOnLoad (51ms)
			ProcessInitializeOnLoadAttributes (319ms)
			ProcessInitializeOnLoadMethodAttributes (26ms)
			AfterProcessingInitializeOnLoad (3ms)
			EditorAssembliesLoaded (0ms)
		ExecutionOrderSort2 (0ms)
		AwakeInstancesAfterBackupRestoration (7ms)
Launched and connected shader compiler UnityShaderCompiler.exe after 0.04 seconds
Refreshing native plugins compatible for Editor in 1.65 ms, found 2 plugins.
Preloading 0 native plugins for Editor in 0.00 ms.
Unloading 1856 Unused Serialized files (Serialized files now loaded: 0)
Unloading 29 unused Assets / (1.8 MB). Loaded Objects now: 2351.
Memory consumption went from 194.5 MB to 192.7 MB.
Total: 3.334800 ms (FindLiveObjects: 0.151500 ms CreateObjectMapping: 0.073600 ms MarkObjects: 2.692600 ms  DeleteObjects: 0.415800 ms)

AssetImportParameters requested are different than current active one (requested -> active):
  custom:video-decoder-webm-vp8: 9c59270c3fd7afecdb556c50c9e8de78 -> 
  custom:SearchIndexIgnoredProperties: e643bd26f0fe6173181afceb89e7c659 -> 
  custom:container-demuxer-ogg: 62fdf1f143b41e24485cea50d1cbac27 -> 
  custom:AudioImporter_EditorPlatform: d09bf68614088b80899f8185d706f6e7 -> 
  custom:video-decoder-ogg-theora: a1e56fd34408186e4bbccfd4996cb3dc -> 
  custom:framework-win-MediaFoundation: 216162199b28c13a410421893ffa2e32 -> 
  custom:video-encoder-webm-vp8: eb34c28f22e8b96e1ab97ce403110664 -> 
  custom:audio-decoder-ogg-vorbis: bf7c407c2cedff20999df2af8eb42d56 -> 
  custom:CustomObjectIndexerAttribute: 9a22284fe3817be447336de3de66b15e -> 
  custom:container-demuxer-webm: 4f35f7cbe854078d1ac9338744f61a02 -> 
  custom:audio-encoder-webm-vorbis: bf7c407c2cedff20999df2af8eb42d56 -> 
  custom:container-muxer-webm: aa71ff27fc2769a1b78a27578f13a17b -> 
========================================================================
Received Import Request.
  Time since last request: 525951.067961 seconds.
  path: Assets/vehicles/kart.prefab
  artifactKey: Guid(e9982c53875052d45aaa6678c057f10a) Importer(815301076,1909f56bfc062723c751e8b465ee728b)
Start importing Assets/vehicles/kart.prefab using Guid(e9982c53875052d45aaa6678c057f10a) Importer(815301076,1909f56bfc062723c751e8b465ee728b) [PhysX] Initialized MultithreadedTaskDispatcher with 12 workers.
[PhysX] Initialized MultithreadedTaskDispatcher with 12 workers.
 -> (artifact id: 'c5346ab204b0cf167943b3ce4ecfc52b') in 0.200966 seconds
Number of updated asset objects reloaded before import = 0
Number of asset objects unloaded after import = 653
========================================================================
Received Import Request.
  Time since last request: 8.222997 seconds.
  path: Assets/Prefabs/ArduinoCars/Aston Martin db11.prefab
  artifactKey: Guid(92d606a41e381cb45af83282b5dbea13) Importer(815301076,1909f56bfc062723c751e8b465ee728b)
Start importing Assets/Prefabs/ArduinoCars/Aston Martin db11.prefab using Guid(92d606a41e381cb45af83282b5dbea13) Importer(815301076,1909f56bfc062723c751e8b465ee728b) [PhysX] Initialized MultithreadedTaskDispatcher with 12 workers.
[PhysX] Initialized MultithreadedTaskDispatcher with 12 workers.
 -> (artifact id: 'f32bce88b7d76eff4e056b0e0daf388f') in 0.176255 seconds
Number of updated asset objects reloaded before import = 0
Number of asset objects unloaded after import = 1225
========================================================================
Received Import Request.
  Time since last request: 5.508317 seconds.
  path: Assets/Prefabs/ArduinoCars/kart.prefab
  artifactKey: Guid(464f4e51668601f48850ef5defcd1313) Importer(815301076,1909f56bfc062723c751e8b465ee728b)
Start importing Assets/Prefabs/ArduinoCars/kart.prefab using Guid(464f4e51668601f48850ef5defcd1313) Importer(815301076,1909f56bfc062723c751e8b465ee728b) [PhysX] Initialized MultithreadedTaskDispatcher with 12 workers.
[PhysX] Initialized MultithreadedTaskDispatcher with 12 workers.
 -> (artifact id: '10afb1d18eb3514f601e09c8c01ff1be') in 0.075145 seconds
Number of updated asset objects reloaded before import = 0
Number of asset objects unloaded after import = 728
========================================================================
Received Import Request.
  Time since last request: 3.690981 seconds.
  path: Assets/Resources/Aston Martin db11.prefab
  artifactKey: Guid(2824d49235f630848bd70bfdbb657664) Importer(815301076,1909f56bfc062723c751e8b465ee728b)
Start importing Assets/Resources/Aston Martin db11.prefab using Guid(2824d49235f630848bd70bfdbb657664) Importer(815301076,1909f56bfc062723c751e8b465ee728b) [PhysX] Initialized MultithreadedTaskDispatcher with 12 workers.
[PhysX] Initialized MultithreadedTaskDispatcher with 12 workers.
 -> (artifact id: 'd8535f735cfd6f73d8af244eb1537384') in 0.247553 seconds
Number of updated asset objects reloaded before import = 0
Number of asset objects unloaded after import = 3561
========================================================================
Received Import Request.
  Time since last request: 4.216693 seconds.
  path: Assets/Scenes/ArduinoTest.unity
  artifactKey: Guid(c75b46af76f637d45895fdd862f4ac58) Importer(815301076,1909f56bfc062723c751e8b465ee728b)
Start importing Assets/Scenes/ArduinoTest.unity using Guid(c75b46af76f637d45895fdd862f4ac58) Importer(815301076,1909f56bfc062723c751e8b465ee728b) [PhysX] Initialized MultithreadedTaskDispatcher with 12 workers.
 -> (artifact id: '91787cfe19c746ffb97d1a48dccd24bb') in 0.000979 seconds
Number of updated asset objects reloaded before import = 0
Number of asset objects unloaded after import = 0
========================================================================
Received Import Request.
  Time since last request: 17.286663 seconds.
  path: Assets/Scenes/AwakeScene.unity
  artifactKey: Guid(b764a7e4757baa54fb9ed087c383e5ae) Importer(815301076,1909f56bfc062723c751e8b465ee728b)
Start importing Assets/Scenes/AwakeScene.unity using Guid(b764a7e4757baa54fb9ed087c383e5ae) Importer(815301076,1909f56bfc062723c751e8b465ee728b) [PhysX] Initialized MultithreadedTaskDispatcher with 12 workers.
 -> (artifact id: '6c41e9a993ded2aaa2e962e1d1fd956f') in 0.000424 seconds
Number of updated asset objects reloaded before import = 0
Number of asset objects unloaded after import = 0
========================================================================
Received Prepare
Caller must complete domain reload
Begin MonoManager ReloadAssembly
- Loaded All Assemblies, in  0.402 seconds
Native extension for WindowsStandalone target not found
Native extension for Android target not found
[Package Manager] Server::EnsureServerProcessIsRunning -- launch failed, reason: Unity was launched with the -noUpm command-line argument
[Package Manager] UpmClient::Send -- Unable to send message (not connected to UPM process).
[Package Manager] Cannot connect to Unity Package Manager local server
Mono: successfully reloaded assembly
- Finished resetting the current domain, in  0.748 seconds
Domain Reload Profiling: 1151ms
	BeginReloadAssembly (164ms)
		ExecutionOrderSort (0ms)
		DisableScriptedObjects (6ms)
		BackupInstance (0ms)
		ReleaseScriptingObjects (0ms)
		CreateAndSetChildDomain (33ms)
	RebuildCommonClasses (35ms)
	RebuildNativeTypeToScriptingClass (14ms)
	initialDomainReloadingComplete (25ms)
	LoadAllAssembliesAndSetupDomain (164ms)
		LoadAssemblies (239ms)
		RebuildTransferFunctionScriptingTraits (0ms)
		AnalyzeDomain (16ms)
			TypeCache.Refresh (6ms)
				TypeCache.ScanAssembly (0ms)
			ScanForSourceGeneratedMonoScriptInfo (0ms)
			ResolveRequiredComponents (9ms)
	FinalizeReload (749ms)
		ReleaseScriptCaches (0ms)
		RebuildScriptCaches (0ms)
		SetupLoadedEditorAssemblies (452ms)
			LogAssemblyErrors (0ms)
			InitializePlatformSupportModulesInManaged (15ms)
			SetLoadedEditorAssemblies (4ms)
			RefreshPlugins (0ms)
			BeforeProcessingInitializeOnLoad (50ms)
			ProcessInitializeOnLoadAttributes (345ms)
			ProcessInitializeOnLoadMethodAttributes (35ms)
			AfterProcessingInitializeOnLoad (3ms)
			EditorAssembliesLoaded (0ms)
		ExecutionOrderSort2 (0ms)
		AwakeInstancesAfterBackupRestoration (7ms)
Refreshing native plugins compatible for Editor in 1.64 ms, found 2 plugins.
Preloading 0 native plugins for Editor in 0.00 ms.
Unloading 1815 Unused Serialized files (Serialized files now loaded: 0)
Unloading 35 unused Assets / (1.8 MB). Loaded Objects now: 2369.
Memory consumption went from 192.0 MB to 190.2 MB.
Total: 3.607000 ms (FindLiveObjects: 0.293800 ms CreateObjectMapping: 0.148900 ms MarkObjects: 2.814600 ms  DeleteObjects: 0.348300 ms)

Prepare: number of updated asset objects reloaded= 0
AssetImportParameters requested are different than current active one (requested -> active):
  custom:video-decoder-webm-vp8: 9c59270c3fd7afecdb556c50c9e8de78 -> 
  custom:SearchIndexIgnoredProperties: e643bd26f0fe6173181afceb89e7c659 -> 
  custom:container-demuxer-ogg: 62fdf1f143b41e24485cea50d1cbac27 -> 
  custom:AudioImporter_EditorPlatform: d09bf68614088b80899f8185d706f6e7 -> 
  custom:video-decoder-ogg-theora: a1e56fd34408186e4bbccfd4996cb3dc -> 
  custom:framework-win-MediaFoundation: 216162199b28c13a410421893ffa2e32 -> 
  custom:video-encoder-webm-vp8: eb34c28f22e8b96e1ab97ce403110664 -> 
  custom:audio-decoder-ogg-vorbis: bf7c407c2cedff20999df2af8eb42d56 -> 
  custom:CustomObjectIndexerAttribute: 9a22284fe3817be447336de3de66b15e -> 
  custom:container-demuxer-webm: 4f35f7cbe854078d1ac9338744f61a02 -> 
  custom:audio-encoder-webm-vorbis: bf7c407c2cedff20999df2af8eb42d56 -> 
  custom:container-muxer-webm: aa71ff27fc2769a1b78a27578f13a17b -> 
========================================================================
Received Import Request.
  Time since last request: 41.637025 seconds.
  path: Assets/Prefabs/ArduinoCars/kart.prefab
  artifactKey: Guid(464f4e51668601f48850ef5defcd1313) Importer(815301076,1909f56bfc062723c751e8b465ee728b)
Start importing Assets/Prefabs/ArduinoCars/kart.prefab using Guid(464f4e51668601f48850ef5defcd1313) Importer(815301076,1909f56bfc062723c751e8b465ee728b) [PhysX] Initialized MultithreadedTaskDispatcher with 12 workers.
 -> (artifact id: 'd5e7ccaa0109cce9a1f05499a7a70995') in 0.005456 seconds
Number of updated asset objects reloaded before import = 0
Number of asset objects unloaded after import = 0
========================================================================
Received Import Request.
  Time since last request: 2.915567 seconds.
  path: Assets/Prefabs/ArduinoCars/kart.prefab
  artifactKey: Guid(464f4e51668601f48850ef5defcd1313) Importer(815301076,1909f56bfc062723c751e8b465ee728b)
Start importing Assets/Prefabs/ArduinoCars/kart.prefab using Guid(464f4e51668601f48850ef5defcd1313) Importer(815301076,1909f56bfc062723c751e8b465ee728b) [PhysX] Initialized MultithreadedTaskDispatcher with 12 workers.
 -> (artifact id: '6e5564f41cf6201cd292a441a2a8829e') in 0.001135 seconds
Number of updated asset objects reloaded before import = 0
Number of asset objects unloaded after import = 0
========================================================================
Received Prepare
Caller must complete domain reload
Begin MonoManager ReloadAssembly
- Loaded All Assemblies, in  0.373 seconds
Native extension for WindowsStandalone target not found
Native extension for Android target not found
[Package Manager] Server::EnsureServerProcessIsRunning -- launch failed, reason: Unity was launched with the -noUpm command-line argument
[Package Manager] UpmClient::Send -- Unable to send message (not connected to UPM process).
[Package Manager] Cannot connect to Unity Package Manager local server
Mono: successfully reloaded assembly
- Finished resetting the current domain, in  0.723 seconds
Domain Reload Profiling: 1096ms
	BeginReloadAssembly (151ms)
		ExecutionOrderSort (0ms)
		DisableScriptedObjects (6ms)
		BackupInstance (0ms)
		ReleaseScriptingObjects (0ms)
		CreateAndSetChildDomain (30ms)
	RebuildCommonClasses (33ms)
	RebuildNativeTypeToScriptingClass (11ms)
	initialDomainReloadingComplete (23ms)
	LoadAllAssembliesAndSetupDomain (154ms)
		LoadAssemblies (223ms)
		RebuildTransferFunctionScriptingTraits (0ms)
		AnalyzeDomain (13ms)
			TypeCache.Refresh (4ms)
				TypeCache.ScanAssembly (0ms)
			ScanForSourceGeneratedMonoScriptInfo (0ms)
			ResolveRequiredComponents (8ms)
	FinalizeReload (724ms)
		ReleaseScriptCaches (0ms)
		RebuildScriptCaches (0ms)
		SetupLoadedEditorAssemblies (441ms)
			LogAssemblyErrors (0ms)
			InitializePlatformSupportModulesInManaged (15ms)
			SetLoadedEditorAssemblies (5ms)
			RefreshPlugins (0ms)
			BeforeProcessingInitializeOnLoad (45ms)
			ProcessInitializeOnLoadAttributes (345ms)
			ProcessInitializeOnLoadMethodAttributes (28ms)
			AfterProcessingInitializeOnLoad (4ms)
			EditorAssembliesLoaded (0ms)
		ExecutionOrderSort2 (0ms)
		AwakeInstancesAfterBackupRestoration (10ms)
Refreshing native plugins compatible for Editor in 2.11 ms, found 2 plugins.
Preloading 0 native plugins for Editor in 0.00 ms.
Unloading 1815 Unused Serialized files (Serialized files now loaded: 0)
Unloading 23 unused Assets / (1.8 MB). Loaded Objects now: 2373.
Memory consumption went from 191.9 MB to 190.1 MB.
Total: 5.370900 ms (FindLiveObjects: 0.180900 ms CreateObjectMapping: 0.111700 ms MarkObjects: 4.779700 ms  DeleteObjects: 0.297400 ms)

Prepare: number of updated asset objects reloaded= 0
AssetImportParameters requested are different than current active one (requested -> active):
  custom:video-decoder-webm-vp8: 9c59270c3fd7afecdb556c50c9e8de78 -> 
  custom:SearchIndexIgnoredProperties: e643bd26f0fe6173181afceb89e7c659 -> 
  custom:container-demuxer-ogg: 62fdf1f143b41e24485cea50d1cbac27 -> 
  custom:AudioImporter_EditorPlatform: d09bf68614088b80899f8185d706f6e7 -> 
  custom:video-decoder-ogg-theora: a1e56fd34408186e4bbccfd4996cb3dc -> 
  custom:framework-win-MediaFoundation: 216162199b28c13a410421893ffa2e32 -> 
  custom:video-encoder-webm-vp8: eb34c28f22e8b96e1ab97ce403110664 -> 
  custom:audio-decoder-ogg-vorbis: bf7c407c2cedff20999df2af8eb42d56 -> 
  custom:CustomObjectIndexerAttribute: 9a22284fe3817be447336de3de66b15e -> 
  custom:container-demuxer-webm: 4f35f7cbe854078d1ac9338744f61a02 -> 
  custom:audio-encoder-webm-vorbis: bf7c407c2cedff20999df2af8eb42d56 -> 
  custom:container-muxer-webm: aa71ff27fc2769a1b78a27578f13a17b -> 
========================================================================
Received Import Request.
  Time since last request: 6.656131 seconds.
  path: Assets/Prefabs/ArduinoCars/kart.prefab
  artifactKey: Guid(464f4e51668601f48850ef5defcd1313) Importer(815301076,1909f56bfc062723c751e8b465ee728b)
Start importing Assets/Prefabs/ArduinoCars/kart.prefab using Guid(464f4e51668601f48850ef5defcd1313) Importer(815301076,1909f56bfc062723c751e8b465ee728b) [PhysX] Initialized MultithreadedTaskDispatcher with 12 workers.
 -> (artifact id: '6e5564f41cf6201cd292a441a2a8829e') in 0.007686 seconds
Number of updated asset objects reloaded before import = 0
Number of asset objects unloaded after import = 0
========================================================================
Received Prepare
Caller must complete domain reload
Begin MonoManager ReloadAssembly
- Loaded All Assemblies, in  0.388 seconds
Native extension for WindowsStandalone target not found
Native extension for Android target not found
[Package Manager] Server::EnsureServerProcessIsRunning -- launch failed, reason: Unity was launched with the -noUpm command-line argument
[Package Manager] UpmClient::Send -- Unable to send message (not connected to UPM process).
[Package Manager] Cannot connect to Unity Package Manager local server
Mono: successfully reloaded assembly
- Finished resetting the current domain, in  0.685 seconds
Domain Reload Profiling: 1072ms
	BeginReloadAssembly (141ms)
		ExecutionOrderSort (0ms)
		DisableScriptedObjects (6ms)
		BackupInstance (0ms)
		ReleaseScriptingObjects (0ms)
		CreateAndSetChildDomain (27ms)
	RebuildCommonClasses (37ms)
	RebuildNativeTypeToScriptingClass (11ms)
	initialDomainReloadingComplete (27ms)
	LoadAllAssembliesAndSetupDomain (170ms)
		LoadAssemblies (228ms)
		RebuildTransferFunctionScriptingTraits (0ms)
		AnalyzeDomain (23ms)
			TypeCache.Refresh (8ms)
				TypeCache.ScanAssembly (1ms)
			ScanForSourceGeneratedMonoScriptInfo (7ms)
			ResolveRequiredComponents (7ms)
	FinalizeReload (685ms)
		ReleaseScriptCaches (0ms)
		RebuildScriptCaches (0ms)
		SetupLoadedEditorAssemblies (420ms)
			LogAssemblyErrors (0ms)
			InitializePlatformSupportModulesInManaged (16ms)
			SetLoadedEditorAssemblies (5ms)
			RefreshPlugins (0ms)
			BeforeProcessingInitializeOnLoad (47ms)
			ProcessInitializeOnLoadAttributes (321ms)
			ProcessInitializeOnLoadMethodAttributes (29ms)
			AfterProcessingInitializeOnLoad (3ms)
			EditorAssembliesLoaded (0ms)
		ExecutionOrderSort2 (0ms)
		AwakeInstancesAfterBackupRestoration (10ms)
Refreshing native plugins compatible for Editor in 2.03 ms, found 2 plugins.
Preloading 0 native plugins for Editor in 0.00 ms.
Unloading 1815 Unused Serialized files (Serialized files now loaded: 0)
Unloading 23 unused Assets / (1.8 MB). Loaded Objects now: 2377.
Memory consumption went from 191.9 MB to 190.1 MB.
Total: 4.065800 ms (FindLiveObjects: 0.509600 ms CreateObjectMapping: 0.254400 ms MarkObjects: 2.795100 ms  DeleteObjects: 0.505500 ms)

Prepare: number of updated asset objects reloaded= 0
AssetImportParameters requested are different than current active one (requested -> active):
  custom:video-decoder-webm-vp8: 9c59270c3fd7afecdb556c50c9e8de78 -> 
  custom:SearchIndexIgnoredProperties: e643bd26f0fe6173181afceb89e7c659 -> 
  custom:container-demuxer-ogg: 62fdf1f143b41e24485cea50d1cbac27 -> 
  custom:AudioImporter_EditorPlatform: d09bf68614088b80899f8185d706f6e7 -> 
  custom:video-decoder-ogg-theora: a1e56fd34408186e4bbccfd4996cb3dc -> 
  custom:framework-win-MediaFoundation: 216162199b28c13a410421893ffa2e32 -> 
  custom:video-encoder-webm-vp8: eb34c28f22e8b96e1ab97ce403110664 -> 
  custom:audio-decoder-ogg-vorbis: bf7c407c2cedff20999df2af8eb42d56 -> 
  custom:CustomObjectIndexerAttribute: 9a22284fe3817be447336de3de66b15e -> 
  custom:container-demuxer-webm: 4f35f7cbe854078d1ac9338744f61a02 -> 
  custom:audio-encoder-webm-vorbis: bf7c407c2cedff20999df2af8eb42d56 -> 
  custom:container-muxer-webm: aa71ff27fc2769a1b78a27578f13a17b -> 
========================================================================
Received Import Request.
  Time since last request: 96.800111 seconds.
  path: Assets/Prefabs/ArduinoCars/kart.prefab
  artifactKey: Guid(464f4e51668601f48850ef5defcd1313) Importer(815301076,1909f56bfc062723c751e8b465ee728b)
Start importing Assets/Prefabs/ArduinoCars/kart.prefab using Guid(464f4e51668601f48850ef5defcd1313) Importer(815301076,1909f56bfc062723c751e8b465ee728b) [PhysX] Initialized MultithreadedTaskDispatcher with 12 workers.
 -> (artifact id: '6e5564f41cf6201cd292a441a2a8829e') in 0.006757 seconds
Number of updated asset objects reloaded before import = 0
Number of asset objects unloaded after import = 0
========================================================================
Received Import Request.
  Time since last request: 0.000053 seconds.
  path: Assets/Prefabs/ArduinoCars/Aston Martin db11.prefab
  artifactKey: Guid(92d606a41e381cb45af83282b5dbea13) Importer(815301076,1909f56bfc062723c751e8b465ee728b)
Start importing Assets/Prefabs/ArduinoCars/Aston Martin db11.prefab using Guid(92d606a41e381cb45af83282b5dbea13) Importer(815301076,1909f56bfc062723c751e8b465ee728b) [PhysX] Initialized MultithreadedTaskDispatcher with 12 workers.
 -> (artifact id: '2125c6205f372018a3e98ea032016568') in 0.000884 seconds
Number of updated asset objects reloaded before import = 0
Number of asset objects unloaded after import = 0
========================================================================
Received Import Request.
  Time since last request: 3.470738 seconds.
  path: Assets/Prefabs/ArduinoCars/Aston Martin db11.prefab
  artifactKey: Guid(92d606a41e381cb45af83282b5dbea13) Importer(815301076,1909f56bfc062723c751e8b465ee728b)
Start importing Assets/Prefabs/ArduinoCars/Aston Martin db11.prefab using Guid(92d606a41e381cb45af83282b5dbea13) Importer(815301076,1909f56bfc062723c751e8b465ee728b) [PhysX] Initialized MultithreadedTaskDispatcher with 12 workers.
 -> (artifact id: '2125c6205f372018a3e98ea032016568') in 0.000665 seconds
Number of updated asset objects reloaded before import = 0
Number of asset objects unloaded after import = 0
========================================================================
Received Prepare
Caller must complete domain reload
Begin MonoManager ReloadAssembly
- Loaded All Assemblies, in  0.377 seconds
Native extension for WindowsStandalone target not found
Native extension for Android target not found
[Package Manager] Server::EnsureServerProcessIsRunning -- launch failed, reason: Unity was launched with the -noUpm command-line argument
[Package Manager] UpmClient::Send -- Unable to send message (not connected to UPM process).
[Package Manager] Cannot connect to Unity Package Manager local server
Mono: successfully reloaded assembly
- Finished resetting the current domain, in  0.663 seconds
Domain Reload Profiling: 1041ms
	BeginReloadAssembly (155ms)
		ExecutionOrderSort (0ms)
		DisableScriptedObjects (6ms)
		BackupInstance (0ms)
		ReleaseScriptingObjects (0ms)
		CreateAndSetChildDomain (27ms)
	RebuildCommonClasses (32ms)
	RebuildNativeTypeToScriptingClass (11ms)
	initialDomainReloadingComplete (23ms)
	LoadAllAssembliesAndSetupDomain (156ms)
		LoadAssemblies (227ms)
		RebuildTransferFunctionScriptingTraits (0ms)
		AnalyzeDomain (13ms)
			TypeCache.Refresh (5ms)
				TypeCache.ScanAssembly (0ms)
			ScanForSourceGeneratedMonoScriptInfo (0ms)
			ResolveRequiredComponents (7ms)
	FinalizeReload (664ms)
		ReleaseScriptCaches (0ms)
		RebuildScriptCaches (0ms)
		SetupLoadedEditorAssemblies (385ms)
			LogAssemblyErrors (0ms)
			InitializePlatformSupportModulesInManaged (15ms)
			SetLoadedEditorAssemblies (5ms)
			RefreshPlugins (0ms)
			BeforeProcessingInitializeOnLoad (46ms)
			ProcessInitializeOnLoadAttributes (287ms)
			ProcessInitializeOnLoadMethodAttributes (27ms)
			AfterProcessingInitializeOnLoad (4ms)
			EditorAssembliesLoaded (0ms)
		ExecutionOrderSort2 (0ms)
		AwakeInstancesAfterBackupRestoration (8ms)
Refreshing native plugins compatible for Editor in 2.27 ms, found 2 plugins.
Preloading 0 native plugins for Editor in 0.00 ms.
Unloading 1815 Unused Serialized files (Serialized files now loaded: 0)
Unloading 23 unused Assets / (1.8 MB). Loaded Objects now: 2381.
Memory consumption went from 191.9 MB to 190.1 MB.
Total: 5.149900 ms (FindLiveObjects: 0.222700 ms CreateObjectMapping: 0.096500 ms MarkObjects: 4.516000 ms  DeleteObjects: 0.313600 ms)

Prepare: number of updated asset objects reloaded= 0
AssetImportParameters requested are different than current active one (requested -> active):
  custom:video-decoder-webm-vp8: 9c59270c3fd7afecdb556c50c9e8de78 -> 
  custom:SearchIndexIgnoredProperties: e643bd26f0fe6173181afceb89e7c659 -> 
  custom:container-demuxer-ogg: 62fdf1f143b41e24485cea50d1cbac27 -> 
  custom:AudioImporter_EditorPlatform: d09bf68614088b80899f8185d706f6e7 -> 
  custom:video-decoder-ogg-theora: a1e56fd34408186e4bbccfd4996cb3dc -> 
  custom:framework-win-MediaFoundation: 216162199b28c13a410421893ffa2e32 -> 
  custom:video-encoder-webm-vp8: eb34c28f22e8b96e1ab97ce403110664 -> 
  custom:audio-decoder-ogg-vorbis: bf7c407c2cedff20999df2af8eb42d56 -> 
  custom:CustomObjectIndexerAttribute: 9a22284fe3817be447336de3de66b15e -> 
  custom:container-demuxer-webm: 4f35f7cbe854078d1ac9338744f61a02 -> 
  custom:audio-encoder-webm-vorbis: bf7c407c2cedff20999df2af8eb42d56 -> 
  custom:container-muxer-webm: aa71ff27fc2769a1b78a27578f13a17b -> 
========================================================================
Received Import Request.
  Time since last request: 5.519926 seconds.
  path: Assets/Prefabs/ArduinoCars/kart.prefab
  artifactKey: Guid(464f4e51668601f48850ef5defcd1313) Importer(815301076,1909f56bfc062723c751e8b465ee728b)
Start importing Assets/Prefabs/ArduinoCars/kart.prefab using Guid(464f4e51668601f48850ef5defcd1313) Importer(815301076,1909f56bfc062723c751e8b465ee728b) [PhysX] Initialized MultithreadedTaskDispatcher with 12 workers.
 -> (artifact id: 'd5e7ccaa0109cce9a1f05499a7a70995') in 0.006939 seconds
Number of updated asset objects reloaded before import = 0
Number of asset objects unloaded after import = 0
========================================================================
Received Import Request.
  Time since last request: 32.913798 seconds.
  path: Assets/Prefabs/ArduinoCars/kart.prefab
  artifactKey: Guid(464f4e51668601f48850ef5defcd1313) Importer(815301076,1909f56bfc062723c751e8b465ee728b)
Start importing Assets/Prefabs/ArduinoCars/kart.prefab using Guid(464f4e51668601f48850ef5defcd1313) Importer(815301076,1909f56bfc062723c751e8b465ee728b) [PhysX] Initialized MultithreadedTaskDispatcher with 12 workers.
 -> (artifact id: 'd5e7ccaa0109cce9a1f05499a7a70995') in 0.000861 seconds
Number of updated asset objects reloaded before import = 0
Number of asset objects unloaded after import = 0
========================================================================
Received Prepare
Caller must complete domain reload
Begin MonoManager ReloadAssembly
- Loaded All Assemblies, in  0.400 seconds
Native extension for WindowsStandalone target not found
Native extension for Android target not found
[Package Manager] Server::EnsureServerProcessIsRunning -- launch failed, reason: Unity was launched with the -noUpm command-line argument
[Package Manager] UpmClient::Send -- Unable to send message (not connected to UPM process).
[Package Manager] Cannot connect to Unity Package Manager local server
Mono: successfully reloaded assembly
- Finished resetting the current domain, in  0.705 seconds
Domain Reload Profiling: 1105ms
	BeginReloadAssembly (160ms)
		ExecutionOrderSort (0ms)
		DisableScriptedObjects (5ms)
		BackupInstance (0ms)
		ReleaseScriptingObjects (0ms)
		CreateAndSetChildDomain (35ms)
	RebuildCommonClasses (37ms)
	RebuildNativeTypeToScriptingClass (11ms)
	initialDomainReloadingComplete (23ms)
	LoadAllAssembliesAndSetupDomain (169ms)
		LoadAssemblies (235ms)
		RebuildTransferFunctionScriptingTraits (0ms)
		AnalyzeDomain (25ms)
			TypeCache.Refresh (10ms)
				TypeCache.ScanAssembly (2ms)
			ScanForSourceGeneratedMonoScriptInfo (7ms)
			ResolveRequiredComponents (6ms)
	FinalizeReload (706ms)
		ReleaseScriptCaches (0ms)
		RebuildScriptCaches (0ms)
		SetupLoadedEditorAssemblies (439ms)
			LogAssemblyErrors (0ms)
			InitializePlatformSupportModulesInManaged (16ms)
			SetLoadedEditorAssemblies (6ms)
			RefreshPlugins (0ms)
			BeforeProcessingInitializeOnLoad (59ms)
			ProcessInitializeOnLoadAttributes (324ms)
			ProcessInitializeOnLoadMethodAttributes (30ms)
			AfterProcessingInitializeOnLoad (4ms)
			EditorAssembliesLoaded (0ms)
		ExecutionOrderSort2 (0ms)
		AwakeInstancesAfterBackupRestoration (8ms)
Refreshing native plugins compatible for Editor in 1.56 ms, found 2 plugins.
Preloading 0 native plugins for Editor in 0.00 ms.
Unloading 1815 Unused Serialized files (Serialized files now loaded: 0)
Unloading 23 unused Assets / (1.8 MB). Loaded Objects now: 2385.
Memory consumption went from 191.9 MB to 190.1 MB.
Total: 2.576100 ms (FindLiveObjects: 0.159900 ms CreateObjectMapping: 0.088300 ms MarkObjects: 2.052700 ms  DeleteObjects: 0.274400 ms)

Prepare: number of updated asset objects reloaded= 0
AssetImportParameters requested are different than current active one (requested -> active):
  custom:video-decoder-webm-vp8: 9c59270c3fd7afecdb556c50c9e8de78 -> 
  custom:SearchIndexIgnoredProperties: e643bd26f0fe6173181afceb89e7c659 -> 
  custom:container-demuxer-ogg: 62fdf1f143b41e24485cea50d1cbac27 -> 
  custom:AudioImporter_EditorPlatform: d09bf68614088b80899f8185d706f6e7 -> 
  custom:video-decoder-ogg-theora: a1e56fd34408186e4bbccfd4996cb3dc -> 
  custom:framework-win-MediaFoundation: 216162199b28c13a410421893ffa2e32 -> 
  custom:video-encoder-webm-vp8: eb34c28f22e8b96e1ab97ce403110664 -> 
  custom:audio-decoder-ogg-vorbis: bf7c407c2cedff20999df2af8eb42d56 -> 
  custom:CustomObjectIndexerAttribute: 9a22284fe3817be447336de3de66b15e -> 
  custom:container-demuxer-webm: 4f35f7cbe854078d1ac9338744f61a02 -> 
  custom:audio-encoder-webm-vorbis: bf7c407c2cedff20999df2af8eb42d56 -> 
  custom:container-muxer-webm: aa71ff27fc2769a1b78a27578f13a17b -> 
========================================================================
Received Prepare
Caller must complete domain reload
Begin MonoManager ReloadAssembly
- Loaded All Assemblies, in  0.431 seconds
Native extension for WindowsStandalone target not found
Native extension for Android target not found
[Package Manager] Server::EnsureServerProcessIsRunning -- launch failed, reason: Unity was launched with the -noUpm command-line argument
[Package Manager] UpmClient::Send -- Unable to send message (not connected to UPM process).
[Package Manager] Cannot connect to Unity Package Manager local server
Mono: successfully reloaded assembly
- Finished resetting the current domain, in  0.846 seconds
Domain Reload Profiling: 1276ms
	BeginReloadAssembly (153ms)
		ExecutionOrderSort (0ms)
		DisableScriptedObjects (6ms)
		BackupInstance (0ms)
		ReleaseScriptingObjects (0ms)
		CreateAndSetChildDomain (26ms)
	RebuildCommonClasses (43ms)
	RebuildNativeTypeToScriptingClass (13ms)
	initialDomainReloadingComplete (29ms)
	LoadAllAssembliesAndSetupDomain (192ms)
		LoadAssemblies (265ms)
		RebuildTransferFunctionScriptingTraits (0ms)
		AnalyzeDomain (16ms)
			TypeCache.Refresh (6ms)
				TypeCache.ScanAssembly (0ms)
			ScanForSourceGeneratedMonoScriptInfo (0ms)
			ResolveRequiredComponents (8ms)
	FinalizeReload (847ms)
		ReleaseScriptCaches (0ms)
		RebuildScriptCaches (0ms)
		SetupLoadedEditorAssemblies (517ms)
			LogAssemblyErrors (0ms)
			InitializePlatformSupportModulesInManaged (22ms)
			SetLoadedEditorAssemblies (10ms)
			RefreshPlugins (0ms)
			BeforeProcessingInitializeOnLoad (83ms)
			ProcessInitializeOnLoadAttributes (365ms)
			ProcessInitializeOnLoadMethodAttributes (33ms)
			AfterProcessingInitializeOnLoad (3ms)
			EditorAssembliesLoaded (0ms)
		ExecutionOrderSort2 (0ms)
		AwakeInstancesAfterBackupRestoration (8ms)
Refreshing native plugins compatible for Editor in 1.84 ms, found 2 plugins.
Preloading 0 native plugins for Editor in 0.00 ms.
Unloading 1816 Unused Serialized files (Serialized files now loaded: 0)
Unloading 23 unused Assets / (1.8 MB). Loaded Objects now: 2389.
Memory consumption went from 192.2 MB to 190.4 MB.
Total: 4.959700 ms (FindLiveObjects: 0.185300 ms CreateObjectMapping: 0.115200 ms MarkObjects: 4.274900 ms  DeleteObjects: 0.383000 ms)

Prepare: number of updated asset objects reloaded= 0
AssetImportParameters requested are different than current active one (requested -> active):
  custom:video-decoder-webm-vp8: 9c59270c3fd7afecdb556c50c9e8de78 -> 
  custom:SearchIndexIgnoredProperties: e643bd26f0fe6173181afceb89e7c659 -> 
  custom:container-demuxer-ogg: 62fdf1f143b41e24485cea50d1cbac27 -> 
  custom:AudioImporter_EditorPlatform: d09bf68614088b80899f8185d706f6e7 -> 
  custom:video-decoder-ogg-theora: a1e56fd34408186e4bbccfd4996cb3dc -> 
  custom:framework-win-MediaFoundation: 216162199b28c13a410421893ffa2e32 -> 
  custom:video-encoder-webm-vp8: eb34c28f22e8b96e1ab97ce403110664 -> 
  custom:audio-decoder-ogg-vorbis: bf7c407c2cedff20999df2af8eb42d56 -> 
  custom:CustomObjectIndexerAttribute: 9a22284fe3817be447336de3de66b15e -> 
  custom:container-demuxer-webm: 4f35f7cbe854078d1ac9338744f61a02 -> 
  custom:audio-encoder-webm-vorbis: bf7c407c2cedff20999df2af8eb42d56 -> 
  custom:container-muxer-webm: aa71ff27fc2769a1b78a27578f13a17b -> 
========================================================================
Received Import Request.
  Time since last request: 73.919418 seconds.
  path: Assets/Scenes/ArduinoTest.unity
  artifactKey: Guid(c75b46af76f637d45895fdd862f4ac58) Importer(815301076,1909f56bfc062723c751e8b465ee728b)
Start importing Assets/Scenes/ArduinoTest.unity using Guid(c75b46af76f637d45895fdd862f4ac58) Importer(815301076,1909f56bfc062723c751e8b465ee728b) [PhysX] Initialized MultithreadedTaskDispatcher with 12 workers.
 -> (artifact id: 'b10189333af893fe0676ca393e86d7ce') in 0.012930 seconds
Number of updated asset objects reloaded before import = 0
Number of asset objects unloaded after import = 0
========================================================================
Received Import Request.
  Time since last request: 72.000395 seconds.
  path: Assets/map/communityMap/materials/concrete/CityStreetAsphaltGenericCracked002_AO_3K.jpg
  artifactKey: Guid(df98cf258c7744249a1605b69a6cdb44) Importer(815301076,1909f56bfc062723c751e8b465ee728b)
Start importing Assets/map/communityMap/materials/concrete/CityStreetAsphaltGenericCracked002_AO_3K.jpg using Guid(df98cf258c7744249a1605b69a6cdb44) Importer(815301076,1909f56bfc062723c751e8b465ee728b) [PhysX] Initialized MultithreadedTaskDispatcher with 12 workers.
[PhysX] Initialized MultithreadedTaskDispatcher with 12 workers.
 -> (artifact id: 'fdc6b77e521fa3c1c30222f9ad598537') in 0.074159 seconds
Number of updated asset objects reloaded before import = 0
Number of asset objects unloaded after import = 2
========================================================================
Received Import Request.
  Time since last request: 0.000052 seconds.
  path: Assets/map/communityMap/materials/concrete/CityStreetAsphaltGenericCracked002_REFL_3K.jpg
  artifactKey: Guid(202c827a48a6f7242a0f1ec29e8c9c9a) Importer(815301076,1909f56bfc062723c751e8b465ee728b)
Start importing Assets/map/communityMap/materials/concrete/CityStreetAsphaltGenericCracked002_REFL_3K.jpg using Guid(202c827a48a6f7242a0f1ec29e8c9c9a) Importer(815301076,1909f56bfc062723c751e8b465ee728b) [PhysX] Initialized MultithreadedTaskDispatcher with 12 workers.
[PhysX] Initialized MultithreadedTaskDispatcher with 12 workers.
 -> (artifact id: 'ee562bedde5b47d4e8258a98d62acd58') in 0.015896 seconds
Number of updated asset objects reloaded before import = 0
Number of asset objects unloaded after import = 2
========================================================================
Received Import Request.
  Time since last request: 0.000022 seconds.
  path: Assets/map/communityMap/materials/concrete/CityStreetAsphaltGenericCracked002_NRM_3K.jpg
  artifactKey: Guid(3267d3d8ea96cd1448e0edd6d6374e37) Importer(815301076,1909f56bfc062723c751e8b465ee728b)
Start importing Assets/map/communityMap/materials/concrete/CityStreetAsphaltGenericCracked002_NRM_3K.jpg using Guid(3267d3d8ea96cd1448e0edd6d6374e37) Importer(815301076,1909f56bfc062723c751e8b465ee728b) [PhysX] Initialized MultithreadedTaskDispatcher with 12 workers.
[PhysX] Initialized MultithreadedTaskDispatcher with 12 workers.
 -> (artifact id: 'ce8b93b3ce16653192b6df789b7cbd2a') in 0.024170 seconds
Number of updated asset objects reloaded before import = 0
Number of asset objects unloaded after import = 2
========================================================================
Received Import Request.
  Time since last request: 0.000024 seconds.
  path: Assets/map/communityMap/materials/concrete/CityStreetAsphaltGenericCracked002_DISP16_3K.tif
  artifactKey: Guid(865893079fce2a441adbb697b8512fde) Importer(815301076,1909f56bfc062723c751e8b465ee728b)
Start importing Assets/map/communityMap/materials/concrete/CityStreetAsphaltGenericCracked002_DISP16_3K.tif using Guid(865893079fce2a441adbb697b8512fde) Importer(815301076,1909f56bfc062723c751e8b465ee728b) [PhysX] Initialized MultithreadedTaskDispatcher with 12 workers.
[PhysX] Initialized MultithreadedTaskDispatcher with 12 workers.
 -> (artifact id: 'd0de6625dd24b0d17172847796e61810') in 0.018666 seconds
Number of updated asset objects reloaded before import = 0
Number of asset objects unloaded after import = 2
========================================================================
Received Import Request.
  Time since last request: 0.000016 seconds.
  path: Assets/map/communityMap/materials/concrete/CityStreetAsphaltGenericCracked002_DISP_3K.jpg
  artifactKey: Guid(eb489747c8198604ebdc38bc47a0b5d5) Importer(815301076,1909f56bfc062723c751e8b465ee728b)
Start importing Assets/map/communityMap/materials/concrete/CityStreetAsphaltGenericCracked002_DISP_3K.jpg using Guid(eb489747c8198604ebdc38bc47a0b5d5) Importer(815301076,1909f56bfc062723c751e8b465ee728b) [PhysX] Initialized MultithreadedTaskDispatcher with 12 workers.
[PhysX] Initialized MultithreadedTaskDispatcher with 12 workers.
 -> (artifact id: '292dacfc7da39c822250cb3ff51da6b5') in 0.020570 seconds
Number of updated asset objects reloaded before import = 0
Number of asset objects unloaded after import = 2
========================================================================
Received Import Request.
  Time since last request: 16.263440 seconds.
  path: Assets/map/communityMap/materials/Environment/Skybox.mat
  artifactKey: Guid(bb6a3319151b3ea4190dfde173aafdb1) Importer(815301076,1909f56bfc062723c751e8b465ee728b)
Start importing Assets/map/communityMap/materials/Environment/Skybox.mat using Guid(bb6a3319151b3ea4190dfde173aafdb1) Importer(815301076,1909f56bfc062723c751e8b465ee728b) [PhysX] Initialized MultithreadedTaskDispatcher with 12 workers.
[PhysX] Initialized MultithreadedTaskDispatcher with 12 workers.
 -> (artifact id: '0bb2a00c910f533d4683f83e0dda86ca') in 0.148368 seconds
Number of updated asset objects reloaded before import = 0
Number of asset objects unloaded after import = 1
========================================================================
Received Import Request.
  Time since last request: 34.461841 seconds.
  path: Assets/Photon/PhotonUnityNetworking/Demos/DemoSlotRacer/Kenney Assets/Stylized city/Materials/13 - Default54.mat
  artifactKey: Guid(831e4ea6beda02947bdca5aeb8543156) Importer(815301076,1909f56bfc062723c751e8b465ee728b)
Start importing Assets/Photon/PhotonUnityNetworking/Demos/DemoSlotRacer/Kenney Assets/Stylized city/Materials/13 - Default54.mat using Guid(831e4ea6beda02947bdca5aeb8543156) Importer(815301076,1909f56bfc062723c751e8b465ee728b) [PhysX] Initialized MultithreadedTaskDispatcher with 12 workers.
[PhysX] Initialized MultithreadedTaskDispatcher with 12 workers.
 -> (artifact id: '6f97700c82f7aad8f74c0bb46cb210fe') in 0.026013 seconds
Number of updated asset objects reloaded before import = 0
Number of asset objects unloaded after import = 1
========================================================================
Received Import Request.
  Time since last request: 0.002497 seconds.
  path: Assets/Photon/PhotonUnityNetworking/Demos/DemoSlotRacer/Kenney Assets/Stylized city/Materials/22 - Default.mat
  artifactKey: Guid(86080a783905b5740ad2b81f63a2c650) Importer(815301076,1909f56bfc062723c751e8b465ee728b)
Start importing Assets/Photon/PhotonUnityNetworking/Demos/DemoSlotRacer/Kenney Assets/Stylized city/Materials/22 - Default.mat using Guid(86080a783905b5740ad2b81f63a2c650) Importer(815301076,1909f56bfc062723c751e8b465ee728b) [PhysX] Initialized MultithreadedTaskDispatcher with 12 workers.
[PhysX] Initialized MultithreadedTaskDispatcher with 12 workers.
 -> (artifact id: '0793514fe7211248f49434c72864bcf8') in 0.021635 seconds
Number of updated asset objects reloaded before import = 0
Number of asset objects unloaded after import = 1
========================================================================
Received Import Request.
  Time since last request: 0.000044 seconds.
  path: Assets/map/communityMap/Models 1/roadSplitRoundLarge.fbx
  artifactKey: Guid(cbcffd9b1fe5fac45bf92cdbd9ab35ed) Importer(815301076,1909f56bfc062723c751e8b465ee728b)
Start importing Assets/map/communityMap/Models 1/roadSplitRoundLarge.fbx using Guid(cbcffd9b1fe5fac45bf92cdbd9ab35ed) Importer(815301076,1909f56bfc062723c751e8b465ee728b) [PhysX] Initialized MultithreadedTaskDispatcher with 12 workers.
[PhysX] Initialized MultithreadedTaskDispatcher with 12 workers.
[PhysX] Initialized MultithreadedTaskDispatcher with 12 workers.
[PhysX] Initialized MultithreadedTaskDispatcher with 12 workers.
[PhysX] Initialized MultithreadedTaskDispatcher with 12 workers.
[PhysX] Initialized MultithreadedTaskDispatcher with 12 workers.
 -> (artifact id: 'ef213b2f7053822f9a1726925e32f4d0') in 0.097735 seconds
Number of updated asset objects reloaded before import = 0
Number of asset objects unloaded after import = 10
========================================================================
Received Import Request.
  Time since last request: 0.000140 seconds.
  path: Assets/Photon/PhotonUnityNetworking/Demos/DemoSlotRacer/Kenney Assets/Stylized city/Materials/24 - Default.mat
  artifactKey: Guid(c14837dfa515883428e5652d93e80c72) Importer(815301076,1909f56bfc062723c751e8b465ee728b)
Start importing Assets/Photon/PhotonUnityNetworking/Demos/DemoSlotRacer/Kenney Assets/Stylized city/Materials/24 - Default.mat using Guid(c14837dfa515883428e5652d93e80c72) Importer(815301076,1909f56bfc062723c751e8b465ee728b) [PhysX] Initialized MultithreadedTaskDispatcher with 12 workers.
[PhysX] Initialized MultithreadedTaskDispatcher with 12 workers.
 -> (artifact id: '67084c7271f1cbbe0490535ec4735ed8') in 0.022164 seconds
Number of updated asset objects reloaded before import = 0
Number of asset objects unloaded after import = 1
========================================================================
Received Import Request.
  Time since last request: 0.685805 seconds.
  path: Assets/map/communityMap/Models 1/lightRedDouble.fbx
  artifactKey: Guid(b449ebdacbe35a04e959f88eb601fca0) Importer(815301076,1909f56bfc062723c751e8b465ee728b)
Start importing Assets/map/communityMap/Models 1/lightRedDouble.fbx using Guid(b449ebdacbe35a04e959f88eb601fca0) Importer(815301076,1909f56bfc062723c751e8b465ee728b) [PhysX] Initialized MultithreadedTaskDispatcher with 12 workers.
[PhysX] Initialized MultithreadedTaskDispatcher with 12 workers.
[PhysX] Initialized MultithreadedTaskDispatcher with 12 workers.
[PhysX] Initialized MultithreadedTaskDispatcher with 12 workers.
[PhysX] Initialized MultithreadedTaskDispatcher with 12 workers.
[PhysX] Initialized MultithreadedTaskDispatcher with 12 workers.
[PhysX] Initialized MultithreadedTaskDispatcher with 12 workers.
[PhysX] Initialized MultithreadedTaskDispatcher with 12 workers.
 -> (artifact id: 'e8a0a2cae28ac5fad6fa2d98816e5a51') in 0.060366 seconds
Number of updated asset objects reloaded before import = 0
Number of asset objects unloaded after import = 12
========================================================================
Received Import Request.
  Time since last request: 0.087839 seconds.
  path: Assets/map/communityMap/Models 1/roadStraightBridge.fbx
  artifactKey: Guid(9f0a8aed1a3d6c84d8e33c996755c2bb) Importer(815301076,1909f56bfc062723c751e8b465ee728b)
Start importing Assets/map/communityMap/Models 1/roadStraightBridge.fbx using Guid(9f0a8aed1a3d6c84d8e33c996755c2bb) Importer(815301076,1909f56bfc062723c751e8b465ee728b) [PhysX] Initialized MultithreadedTaskDispatcher with 12 workers.
[PhysX] Initialized MultithreadedTaskDispatcher with 12 workers.
[PhysX] Initialized MultithreadedTaskDispatcher with 12 workers.
[PhysX] Initialized MultithreadedTaskDispatcher with 12 workers.
[PhysX] Initialized MultithreadedTaskDispatcher with 12 workers.
[PhysX] Initialized MultithreadedTaskDispatcher with 12 workers.
[PhysX] Initialized MultithreadedTaskDispatcher with 12 workers.
 -> (artifact id: 'fded425d60f40e6074b958d958661d60') in 0.047304 seconds
Number of updated asset objects reloaded before import = 0
Number of asset objects unloaded after import = 11
========================================================================
Received Import Request.
  Time since last request: 1.396488 seconds.
  path: Assets/Photon/PhotonUnityNetworking/Demos/DemoSlotRacer/Kenney Assets/Stylized city/Materials/11 - Default.mat
  artifactKey: Guid(b7d67d7d7ddb88542b23886a4b496c77) Importer(815301076,1909f56bfc062723c751e8b465ee728b)
Start importing Assets/Photon/PhotonUnityNetworking/Demos/DemoSlotRacer/Kenney Assets/Stylized city/Materials/11 - Default.mat using Guid(b7d67d7d7ddb88542b23886a4b496c77) Importer(815301076,1909f56bfc062723c751e8b465ee728b) [PhysX] Initialized MultithreadedTaskDispatcher with 12 workers.
[PhysX] Initialized MultithreadedTaskDispatcher with 12 workers.
 -> (artifact id: '4614ab1b717773d486c68c3e3e774a72') in 0.019221 seconds
Number of updated asset objects reloaded before import = 0
Number of asset objects unloaded after import = 1
========================================================================
Received Import Request.
  Time since last request: 0.001514 seconds.
  path: Assets/map/marioMap/Materials/10.mat
  artifactKey: Guid(4eb1f0551846a4f41b7ed269da84611c) Importer(815301076,1909f56bfc062723c751e8b465ee728b)
Start importing Assets/map/marioMap/Materials/10.mat using Guid(4eb1f0551846a4f41b7ed269da84611c) Importer(815301076,1909f56bfc062723c751e8b465ee728b) [PhysX] Initialized MultithreadedTaskDispatcher with 12 workers.
[PhysX] Initialized MultithreadedTaskDispatcher with 12 workers.
 -> (artifact id: 'beefb5aa5003241f99cd343ad767b63b') in 0.028256 seconds
Number of updated asset objects reloaded before import = 0
Number of asset objects unloaded after import = 2
========================================================================
Received Import Request.
  Time since last request: 0.033670 seconds.
  path: Assets/SkySerie Freebie/ExampleScenes/SceneObjects/8_10.mat
  artifactKey: Guid(964f6a34e2240bf45940918b112ce7be) Importer(815301076,1909f56bfc062723c751e8b465ee728b)
Start importing Assets/SkySerie Freebie/ExampleScenes/SceneObjects/8_10.mat using Guid(964f6a34e2240bf45940918b112ce7be) Importer(815301076,1909f56bfc062723c751e8b465ee728b) [PhysX] Initialized MultithreadedTaskDispatcher with 12 workers.
[PhysX] Initialized MultithreadedTaskDispatcher with 12 workers.
 -> (artifact id: 'a4fb4b498ca63ba4b42b493543d8effe') in 0.030088 seconds
Number of updated asset objects reloaded before import = 0
Number of asset objects unloaded after import = 1
========================================================================
Received Import Request.
  Time since last request: 0.278380 seconds.
  path: Assets/map/marioMap/Materials/7.mat
  artifactKey: Guid(97f5cf8aad0b77943bbefa7471615bc3) Importer(815301076,1909f56bfc062723c751e8b465ee728b)
Start importing Assets/map/marioMap/Materials/7.mat using Guid(97f5cf8aad0b77943bbefa7471615bc3) Importer(815301076,1909f56bfc062723c751e8b465ee728b) [PhysX] Initialized MultithreadedTaskDispatcher with 12 workers.
[PhysX] Initialized MultithreadedTaskDispatcher with 12 workers.
 -> (artifact id: 'c61eaa6e0906a1c895777ca19d1fe0e2') in 0.036226 seconds
Number of updated asset objects reloaded before import = 0
Number of asset objects unloaded after import = 2
========================================================================
Received Import Request.
  Time since last request: 0.101228 seconds.
  path: Assets/SkySerie Freebie/6SidedFluffball.mat
  artifactKey: Guid(efd1c33efd2d58340b88804268e6833f) Importer(815301076,1909f56bfc062723c751e8b465ee728b)
Start importing Assets/SkySerie Freebie/6SidedFluffball.mat using Guid(efd1c33efd2d58340b88804268e6833f) Importer(815301076,1909f56bfc062723c751e8b465ee728b) [PhysX] Initialized MultithreadedTaskDispatcher with 12 workers.
[PhysX] Initialized MultithreadedTaskDispatcher with 12 workers.
 -> (artifact id: 'a6103e5a6eacbdb53e2eba4f33038cef') in 0.361191 seconds
Number of updated asset objects reloaded before import = 0
Number of asset objects unloaded after import = 7
========================================================================
Received Import Request.
  Time since last request: 0.119380 seconds.
  path: Assets/SkySerie Freebie/ExampleScenes/SceneObjects/4_10.mat
  artifactKey: Guid(db3bceb128d32144ca6fd4550ac256bc) Importer(815301076,1909f56bfc062723c751e8b465ee728b)
Start importing Assets/SkySerie Freebie/ExampleScenes/SceneObjects/4_10.mat using Guid(db3bceb128d32144ca6fd4550ac256bc) Importer(815301076,1909f56bfc062723c751e8b465ee728b) [PhysX] Initialized MultithreadedTaskDispatcher with 12 workers.
[PhysX] Initialized MultithreadedTaskDispatcher with 12 workers.
 -> (artifact id: '29d3e6da949e169819f2a0352d354aff') in 0.023772 seconds
Number of updated asset objects reloaded before import = 0
Number of asset objects unloaded after import = 1
========================================================================
Received Import Request.
  Time since last request: 0.290885 seconds.
  path: Assets/Game 1/#Props/mini-golf-loop/source/rgea.fbx
  artifactKey: Guid(4c21901a700bbe04eb694ff286dfb154) Importer(815301076,1909f56bfc062723c751e8b465ee728b)
Start importing Assets/Game 1/#Props/mini-golf-loop/source/rgea.fbx using Guid(4c21901a700bbe04eb694ff286dfb154) Importer(815301076,1909f56bfc062723c751e8b465ee728b) [PhysX] Initialized MultithreadedTaskDispatcher with 12 workers.
[PhysX] Initialized MultithreadedTaskDispatcher with 12 workers.
[PhysX] Initialized MultithreadedTaskDispatcher with 12 workers.
[PhysX] Initialized MultithreadedTaskDispatcher with 12 workers.
[PhysX] Initialized MultithreadedTaskDispatcher with 12 workers.
[PhysX] Initialized MultithreadedTaskDispatcher with 12 workers.
[PhysX] Initialized MultithreadedTaskDispatcher with 12 workers.
[PhysX] Initialized MultithreadedTaskDispatcher with 12 workers.
[PhysX] Initialized MultithreadedTaskDispatcher with 12 workers.
[PhysX] Initialized MultithreadedTaskDispatcher with 12 workers.
[PhysX] Initialized MultithreadedTaskDispatcher with 12 workers.
[PhysX] Initialized MultithreadedTaskDispatcher with 12 workers.
[PhysX] Initialized MultithreadedTaskDispatcher with 12 workers.
[PhysX] Initialized MultithreadedTaskDispatcher with 12 workers.
 -> (artifact id: 'd2b6f7b734dc4d4890d7bf4c7891cb39') in 0.106660 seconds
Number of updated asset objects reloaded before import = 0
Number of asset objects unloaded after import = 31
========================================================================
Received Import Request.
  Time since last request: 4.138715 seconds.
  path: Assets/map/marioMap/Materials/3.mat
  artifactKey: Guid(75417bd275d9562439cc0807138f1297) Importer(815301076,1909f56bfc062723c751e8b465ee728b)
Start importing Assets/map/marioMap/Materials/3.mat using Guid(75417bd275d9562439cc0807138f1297) Importer(815301076,1909f56bfc062723c751e8b465ee728b) [PhysX] Initialized MultithreadedTaskDispatcher with 12 workers.
[PhysX] Initialized MultithreadedTaskDispatcher with 12 workers.
 -> (artifact id: '55d20476d3ddd8c98cddcccc565ec6de') in 0.022492 seconds
Number of updated asset objects reloaded before import = 0
Number of asset objects unloaded after import = 2
========================================================================
Received Import Request.
  Time since last request: 0.007908 seconds.
  path: Assets/SkySerie Freebie/ExampleScenes/SceneObjects/2_10.mat
  artifactKey: Guid(eb10b6f571322b443bec8c532c088270) Importer(815301076,1909f56bfc062723c751e8b465ee728b)
Start importing Assets/SkySerie Freebie/ExampleScenes/SceneObjects/2_10.mat using Guid(eb10b6f571322b443bec8c532c088270) Importer(815301076,1909f56bfc062723c751e8b465ee728b) [PhysX] Initialized MultithreadedTaskDispatcher with 12 workers.
[PhysX] Initialized MultithreadedTaskDispatcher with 12 workers.
 -> (artifact id: 'be547e23d2b4ad9f33fc9b3131300136') in 0.017856 seconds
Number of updated asset objects reloaded before import = 0
Number of asset objects unloaded after import = 1
========================================================================
Received Import Request.
  Time since last request: 0.870553 seconds.
  path: Assets/map/marioMap/Materials/2.mat
  artifactKey: Guid(926184f29cb488e4d90353cd549a5078) Importer(815301076,1909f56bfc062723c751e8b465ee728b)
Start importing Assets/map/marioMap/Materials/2.mat using Guid(926184f29cb488e4d90353cd549a5078) Importer(815301076,1909f56bfc062723c751e8b465ee728b) [PhysX] Initialized MultithreadedTaskDispatcher with 12 workers.
[PhysX] Initialized MultithreadedTaskDispatcher with 12 workers.
 -> (artifact id: 'ab63dc2f6240ecea0be8571f6f342718') in 0.026825 seconds
Number of updated asset objects reloaded before import = 0
Number of asset objects unloaded after import = 2
========================================================================
Received Import Request.
  Time since last request: 0.027566 seconds.
  path: Assets/vehicles/chiron/materials/1.mat
  artifactKey: Guid(cdab1b80891eb6b4a926cc7bc25f2fdb) Importer(815301076,1909f56bfc062723c751e8b465ee728b)
Start importing Assets/vehicles/chiron/materials/1.mat using Guid(cdab1b80891eb6b4a926cc7bc25f2fdb) Importer(815301076,1909f56bfc062723c751e8b465ee728b) [PhysX] Initialized MultithreadedTaskDispatcher with 12 workers.
[PhysX] Initialized MultithreadedTaskDispatcher with 12 workers.
 -> (artifact id: '33951cdfca4ce036994b24a1c3ce62ca') in 0.022624 seconds
Number of updated asset objects reloaded before import = 0
Number of asset objects unloaded after import = 2
========================================================================
Received Import Request.
  Time since last request: 3.421758 seconds.
  path: Assets/map/communityMap/Models 1/pitsGarageClosed.fbx
  artifactKey: Guid(7f2380c6159498a4c95fafa04cd64e50) Importer(815301076,1909f56bfc062723c751e8b465ee728b)
Start importing Assets/map/communityMap/Models 1/pitsGarageClosed.fbx using Guid(7f2380c6159498a4c95fafa04cd64e50) Importer(815301076,1909f56bfc062723c751e8b465ee728b) [PhysX] Initialized MultithreadedTaskDispatcher with 12 workers.
[PhysX] Initialized MultithreadedTaskDispatcher with 12 workers.
[PhysX] Initialized MultithreadedTaskDispatcher with 12 workers.
[PhysX] Initialized MultithreadedTaskDispatcher with 12 workers.
[PhysX] Initialized MultithreadedTaskDispatcher with 12 workers.
[PhysX] Initialized MultithreadedTaskDispatcher with 12 workers.
[PhysX] Initialized MultithreadedTaskDispatcher with 12 workers.
[PhysX] Initialized MultithreadedTaskDispatcher with 12 workers.
 -> (artifact id: 'c9dc7a56820d50baf025d08872a30b73') in 0.060740 seconds
Number of updated asset objects reloaded before import = 0
Number of asset objects unloaded after import = 13
========================================================================
Received Import Request.
  Time since last request: 0.000045 seconds.
  path: Assets/map/communityMap/Models 1/grandStandRound.fbx
  artifactKey: Guid(15098ffba831c80488c24eff8e9fb577) Importer(815301076,1909f56bfc062723c751e8b465ee728b)
Start importing Assets/map/communityMap/Models 1/grandStandRound.fbx using Guid(15098ffba831c80488c24eff8e9fb577) Importer(815301076,1909f56bfc062723c751e8b465ee728b) [PhysX] Initialized MultithreadedTaskDispatcher with 12 workers.
[PhysX] Initialized MultithreadedTaskDispatcher with 12 workers.
[PhysX] Initialized MultithreadedTaskDispatcher with 12 workers.
[PhysX] Initialized MultithreadedTaskDispatcher with 12 workers.
[PhysX] Initialized MultithreadedTaskDispatcher with 12 workers.
[PhysX] Initialized MultithreadedTaskDispatcher with 12 workers.
[PhysX] Initialized MultithreadedTaskDispatcher with 12 workers.
 -> (artifact id: 'e1ddbbcdee9cd9131cf15290cced236b') in 0.059488 seconds
Number of updated asset objects reloaded before import = 0
Number of asset objects unloaded after import = 11
========================================================================
Received Import Request.
  Time since last request: 0.004915 seconds.
  path: Assets/map/communityMap/Models 1/bannerTowerGreen.fbx
  artifactKey: Guid(88b20f02255cd6a46a902855fd580c23) Importer(815301076,1909f56bfc062723c751e8b465ee728b)
Start importing Assets/map/communityMap/Models 1/bannerTowerGreen.fbx using Guid(88b20f02255cd6a46a902855fd580c23) Importer(815301076,1909f56bfc062723c751e8b465ee728b) [PhysX] Initialized MultithreadedTaskDispatcher with 12 workers.
[PhysX] Initialized MultithreadedTaskDispatcher with 12 workers.
[PhysX] Initialized MultithreadedTaskDispatcher with 12 workers.
[PhysX] Initialized MultithreadedTaskDispatcher with 12 workers.
[PhysX] Initialized MultithreadedTaskDispatcher with 12 workers.
[PhysX] Initialized MultithreadedTaskDispatcher with 12 workers.
 -> (artifact id: '57dc706ed796878469d59476579635cd') in 0.049378 seconds
Number of updated asset objects reloaded before import = 0
Number of asset objects unloaded after import = 10
========================================================================
Received Import Request.
  Time since last request: 0.000021 seconds.
  path: Assets/map/communityMap/Models 1/roadCornerSmallSquare.fbx
  artifactKey: Guid(bfcb5966f839b8e44ae182463fddee27) Importer(815301076,1909f56bfc062723c751e8b465ee728b)
Start importing Assets/map/communityMap/Models 1/roadCornerSmallSquare.fbx using Guid(bfcb5966f839b8e44ae182463fddee27) Importer(815301076,1909f56bfc062723c751e8b465ee728b) [PhysX] Initialized MultithreadedTaskDispatcher with 12 workers.
[PhysX] Initialized MultithreadedTaskDispatcher with 12 workers.
[PhysX] Initialized MultithreadedTaskDispatcher with 12 workers.
[PhysX] Initialized MultithreadedTaskDispatcher with 12 workers.
[PhysX] Initialized MultithreadedTaskDispatcher with 12 workers.
[PhysX] Initialized MultithreadedTaskDispatcher with 12 workers.
 -> (artifact id: '10be0cfb862891d61e7ba26542f4f45a') in 0.055830 seconds
Number of updated asset objects reloaded before import = 0
Number of asset objects unloaded after import = 10
========================================================================
Received Import Request.
  Time since last request: 0.000025 seconds.
  path: Assets/map/communityMap/Models 1/flagTankco.fbx
  artifactKey: Guid(98739b3d9a98f9048bc4e5134b6a2d29) Importer(815301076,1909f56bfc062723c751e8b465ee728b)
Start importing Assets/map/communityMap/Models 1/flagTankco.fbx using Guid(98739b3d9a98f9048bc4e5134b6a2d29) Importer(815301076,1909f56bfc062723c751e8b465ee728b) [PhysX] Initialized MultithreadedTaskDispatcher with 12 workers.
[PhysX] Initialized MultithreadedTaskDispatcher with 12 workers.
[PhysX] Initialized MultithreadedTaskDispatcher with 12 workers.
[PhysX] Initialized MultithreadedTaskDispatcher with 12 workers.
[PhysX] Initialized MultithreadedTaskDispatcher with 12 workers.
[PhysX] Initialized MultithreadedTaskDispatcher with 12 workers.
[PhysX] Initialized MultithreadedTaskDispatcher with 12 workers.
[PhysX] Initialized MultithreadedTaskDispatcher with 12 workers.
[PhysX] Initialized MultithreadedTaskDispatcher with 12 workers.
 -> (artifact id: '21ca4b0bccdfdff1a99ec697082c2baa') in 0.064993 seconds
Number of updated asset objects reloaded before import = 0
Number of asset objects unloaded after import = 17
========================================================================
Received Import Request.
  Time since last request: 0.056023 seconds.
  path: Assets/map/communityMap/Models 1/camera_exclusive.fbx
  artifactKey: Guid(238891a58da959040afaaa8b8c0bbdbe) Importer(815301076,1909f56bfc062723c751e8b465ee728b)
Start importing Assets/map/communityMap/Models 1/camera_exclusive.fbx using Guid(238891a58da959040afaaa8b8c0bbdbe) Importer(815301076,1909f56bfc062723c751e8b465ee728b) [PhysX] Initialized MultithreadedTaskDispatcher with 12 workers.
[PhysX] Initialized MultithreadedTaskDispatcher with 12 workers.
[PhysX] Initialized MultithreadedTaskDispatcher with 12 workers.
[PhysX] Initialized MultithreadedTaskDispatcher with 12 workers.
[PhysX] Initialized MultithreadedTaskDispatcher with 12 workers.
[PhysX] Initialized MultithreadedTaskDispatcher with 12 workers.
 -> (artifact id: '9a871776e6139fb222a57fb506b7726d') in 0.050167 seconds
Number of updated asset objects reloaded before import = 0
Number of asset objects unloaded after import = 10
========================================================================
Received Import Request.
  Time since last request: 0.000035 seconds.
  path: Assets/map/communityMap/Models 1/roadCornerLarger.fbx
  artifactKey: Guid(d22d7256445d14047b4579bcd99a9949) Importer(815301076,1909f56bfc062723c751e8b465ee728b)
Start importing Assets/map/communityMap/Models 1/roadCornerLarger.fbx using Guid(d22d7256445d14047b4579bcd99a9949) Importer(815301076,1909f56bfc062723c751e8b465ee728b) [PhysX] Initialized MultithreadedTaskDispatcher with 12 workers.
[PhysX] Initialized MultithreadedTaskDispatcher with 12 workers.
[PhysX] Initialized MultithreadedTaskDispatcher with 12 workers.
[PhysX] Initialized MultithreadedTaskDispatcher with 12 workers.
[PhysX] Initialized MultithreadedTaskDispatcher with 12 workers.
[PhysX] Initialized MultithreadedTaskDispatcher with 12 workers.
 -> (artifact id: '818697499a8f6814f8383bdd09db4470') in 0.050087 seconds
Number of updated asset objects reloaded before import = 0
Number of asset objects unloaded after import = 10
========================================================================
Received Import Request.
  Time since last request: 0.000023 seconds.
  path: Assets/Game 2/Props/starting_line/starting_line.FBX
  artifactKey: Guid(02a3db531e272494f93033f1c39f1f25) Importer(815301076,1909f56bfc062723c751e8b465ee728b)
Start importing Assets/Game 2/Props/starting_line/starting_line.FBX using Guid(02a3db531e272494f93033f1c39f1f25) Importer(815301076,1909f56bfc062723c751e8b465ee728b) [PhysX] Initialized MultithreadedTaskDispatcher with 12 workers.
[PhysX] Initialized MultithreadedTaskDispatcher with 12 workers.
[PhysX] Initialized MultithreadedTaskDispatcher with 12 workers.
[PhysX] Initialized MultithreadedTaskDispatcher with 12 workers.
[PhysX] Initialized MultithreadedTaskDispatcher with 12 workers.
[PhysX] Initialized MultithreadedTaskDispatcher with 12 workers.
[PhysX] Initialized MultithreadedTaskDispatcher with 12 workers.
[PhysX] Initialized MultithreadedTaskDispatcher with 12 workers.
[PhysX] Initialized MultithreadedTaskDispatcher with 12 workers.
 -> (artifact id: '09ad1a64adf99c06fc363879e53fc5a4') in 0.093538 seconds
Number of updated asset objects reloaded before import = 0
Number of asset objects unloaded after import = 15
========================================================================
Received Import Request.
  Time since last request: 0.000049 seconds.
  path: Assets/map/AllSkyFree/Night MoonBurst/Materials/AllSky_Night_MoonBurst Equirect.mat
  artifactKey: Guid(09fb10ac7e2e8bb4393d2eaa36489af6) Importer(815301076,1909f56bfc062723c751e8b465ee728b)
Start importing Assets/map/AllSkyFree/Night MoonBurst/Materials/AllSky_Night_MoonBurst Equirect.mat using Guid(09fb10ac7e2e8bb4393d2eaa36489af6) Importer(815301076,1909f56bfc062723c751e8b465ee728b) [PhysX] Initialized MultithreadedTaskDispatcher with 12 workers.
[PhysX] Initialized MultithreadedTaskDispatcher with 12 workers.
 -> (artifact id: '784178b62b0dd9e657a2f5e79d33528c') in 0.031535 seconds
Number of updated asset objects reloaded before import = 0
Number of asset objects unloaded after import = 2
========================================================================
Received Import Request.
  Time since last request: 0.016355 seconds.
  path: Assets/map/AllSkyFree/Overcast Low/AllSky_Overcast4_Low Equirect.mat
  artifactKey: Guid(54fe2f000ad8f424fb63cc3ea0ae2bb2) Importer(815301076,1909f56bfc062723c751e8b465ee728b)
Start importing Assets/map/AllSkyFree/Overcast Low/AllSky_Overcast4_Low Equirect.mat using Guid(54fe2f000ad8f424fb63cc3ea0ae2bb2) Importer(815301076,1909f56bfc062723c751e8b465ee728b) [PhysX] Initialized MultithreadedTaskDispatcher with 12 workers.
[PhysX] Initialized MultithreadedTaskDispatcher with 12 workers.
 -> (artifact id: '91b4dff2529f9a960dec052642d5119c') in 0.038429 seconds
Number of updated asset objects reloaded before import = 0
Number of asset objects unloaded after import = 2
========================================================================
Received Import Request.
  Time since last request: 0.004148 seconds.
  path: Assets/map/AllSkyFree/Space_AnotherPlanet/AllSky_Space_AnotherPlanet.mat
  artifactKey: Guid(656058fe318eb48558d21d66d1a79a2b) Importer(815301076,1909f56bfc062723c751e8b465ee728b)
Start importing Assets/map/AllSkyFree/Space_AnotherPlanet/AllSky_Space_AnotherPlanet.mat using Guid(656058fe318eb48558d21d66d1a79a2b) Importer(815301076,1909f56bfc062723c751e8b465ee728b) [PhysX] Initialized MultithreadedTaskDispatcher with 12 workers.
[PhysX] Initialized MultithreadedTaskDispatcher with 12 workers.
 -> (artifact id: '321a656ad2cb15e53024775da2465a43') in 0.325357 seconds
Number of updated asset objects reloaded before import = 0
Number of asset objects unloaded after import = 7
========================================================================
Received Import Request.
  Time since last request: 0.000025 seconds.
  path: Assets/map/AllSkyFree/AllSkyDemoEnvironment/Materials/AllSkyDemoEnv_SphereSkyReflect.mat
  artifactKey: Guid(13177a7929fc94508aeae20a9a650440) Importer(815301076,1909f56bfc062723c751e8b465ee728b)
Start importing Assets/map/AllSkyFree/AllSkyDemoEnvironment/Materials/AllSkyDemoEnv_SphereSkyReflect.mat using Guid(13177a7929fc94508aeae20a9a650440) Importer(815301076,1909f56bfc062723c751e8b465ee728b) [PhysX] Initialized MultithreadedTaskDispatcher with 12 workers.
[PhysX] Initialized MultithreadedTaskDispatcher with 12 workers.
 -> (artifact id: '69defb7e897363542852ad315216de12') in 0.157964 seconds
Number of updated asset objects reloaded before import = 0
Number of asset objects unloaded after import = 1
========================================================================
Received Import Request.
  Time since last request: 0.000033 seconds.
  path: Assets/Game 2/Props/laxer tree pkg/Models/Materials/ast3.mat
  artifactKey: Guid(c575968aacb53144381d64ddfaa6c2f6) Importer(815301076,1909f56bfc062723c751e8b465ee728b)
Start importing Assets/Game 2/Props/laxer tree pkg/Models/Materials/ast3.mat using Guid(c575968aacb53144381d64ddfaa6c2f6) Importer(815301076,1909f56bfc062723c751e8b465ee728b) [PhysX] Initialized MultithreadedTaskDispatcher with 12 workers.
[PhysX] Initialized MultithreadedTaskDispatcher with 12 workers.
 -> (artifact id: '790ce8e4c83cb1386d8ddf51ac9a6dca') in 0.212289 seconds
Number of updated asset objects reloaded before import = 0
Number of asset objects unloaded after import = 3
========================================================================
Received Import Request.
  Time since last request: 0.000028 seconds.
  path: Assets/Game 2/Props/laxer tree pkg/Models/Materials/ast5.mat
  artifactKey: Guid(f46c6bff831cfd14bb53bc3819f0f0db) Importer(815301076,1909f56bfc062723c751e8b465ee728b)
Start importing Assets/Game 2/Props/laxer tree pkg/Models/Materials/ast5.mat using Guid(f46c6bff831cfd14bb53bc3819f0f0db) Importer(815301076,1909f56bfc062723c751e8b465ee728b) [PhysX] Initialized MultithreadedTaskDispatcher with 12 workers.
[PhysX] Initialized MultithreadedTaskDispatcher with 12 workers.
 -> (artifact id: 'f40a391976524d5ac719857df0a95636') in 0.030447 seconds
Number of updated asset objects reloaded before import = 0
Number of asset objects unloaded after import = 2
========================================================================
Received Import Request.
  Time since last request: 0.000024 seconds.
  path: Assets/Game 2/Props/laxer tree pkg/Models/Materials/ast4 lw.mat
  artifactKey: Guid(76a056ccc1b93e849bc3661d612a95ea) Importer(815301076,1909f56bfc062723c751e8b465ee728b)
Start importing Assets/Game 2/Props/laxer tree pkg/Models/Materials/ast4 lw.mat using Guid(76a056ccc1b93e849bc3661d612a95ea) Importer(815301076,1909f56bfc062723c751e8b465ee728b) [PhysX] Initialized MultithreadedTaskDispatcher with 12 workers.
[PhysX] Initialized MultithreadedTaskDispatcher with 12 workers.
 -> (artifact id: '987a21e28d6e792eda432fda48481fb1') in 0.052097 seconds
Number of updated asset objects reloaded before import = 0
Number of asset objects unloaded after import = 2
========================================================================
Received Import Request.
  Time since last request: 0.000137 seconds.
  path: Assets/Game 2/Props/laxer tree pkg/Models/Materials/ast3 lw 1.mat
  artifactKey: Guid(6ece0bdbdb22d0f4e9c4110d90e77be6) Importer(815301076,1909f56bfc062723c751e8b465ee728b)
Start importing Assets/Game 2/Props/laxer tree pkg/Models/Materials/ast3 lw 1.mat using Guid(6ece0bdbdb22d0f4e9c4110d90e77be6) Importer(815301076,1909f56bfc062723c751e8b465ee728b) [PhysX] Initialized MultithreadedTaskDispatcher with 12 workers.
[PhysX] Initialized MultithreadedTaskDispatcher with 12 workers.
 -> (artifact id: 'f5d53bb93d9af44a330a7002f4b853ec') in 0.147651 seconds
Number of updated asset objects reloaded before import = 0
Number of asset objects unloaded after import = 2
========================================================================
Received Import Request.
  Time since last request: 0.000037 seconds.
  path: Assets/Photon/PhotonUnityNetworking/Demos/DemoAsteroids/Models/Materials/Asteroid.mat
  artifactKey: Guid(be2c382f522695c4fa3947ac8e1d4457) Importer(815301076,1909f56bfc062723c751e8b465ee728b)
Start importing Assets/Photon/PhotonUnityNetworking/Demos/DemoAsteroids/Models/Materials/Asteroid.mat using Guid(be2c382f522695c4fa3947ac8e1d4457) Importer(815301076,1909f56bfc062723c751e8b465ee728b) [PhysX] Initialized MultithreadedTaskDispatcher with 12 workers.
[PhysX] Initialized MultithreadedTaskDispatcher with 12 workers.
 -> (artifact id: 'aa009b5caeb1cfa2a4fcc45a1626dafd') in 0.014639 seconds
Number of updated asset objects reloaded before import = 0
Number of asset objects unloaded after import = 1
========================================================================
Received Import Request.
  Time since last request: 0.000050 seconds.
  path: Assets/Car/Materials/Materials/Materials/BAHUB.mat
  artifactKey: Guid(afc38063c913cd64291026af0c19331a) Importer(815301076,1909f56bfc062723c751e8b465ee728b)
Start importing Assets/Car/Materials/Materials/Materials/BAHUB.mat using Guid(afc38063c913cd64291026af0c19331a) Importer(815301076,1909f56bfc062723c751e8b465ee728b) [PhysX] Initialized MultithreadedTaskDispatcher with 12 workers.
[PhysX] Initialized MultithreadedTaskDispatcher with 12 workers.
 -> (artifact id: 'bcfec5679d2da6c3a641b8a4cb4af662') in 0.028024 seconds
Number of updated asset objects reloaded before import = 0
Number of asset objects unloaded after import = 2
========================================================================
Received Import Request.
  Time since last request: 0.000023 seconds.
  path: Assets/map/communityMap/Models 1/ramp.fbx
  artifactKey: Guid(99d489d7ff294f948b0e60b8b3f432e1) Importer(815301076,1909f56bfc062723c751e8b465ee728b)
Start importing Assets/map/communityMap/Models 1/ramp.fbx using Guid(99d489d7ff294f948b0e60b8b3f432e1) Importer(815301076,1909f56bfc062723c751e8b465ee728b) [PhysX] Initialized MultithreadedTaskDispatcher with 12 workers.
[PhysX] Initialized MultithreadedTaskDispatcher with 12 workers.
[PhysX] Initialized MultithreadedTaskDispatcher with 12 workers.
[PhysX] Initialized MultithreadedTaskDispatcher with 12 workers.
[PhysX] Initialized MultithreadedTaskDispatcher with 12 workers.
 -> (artifact id: 'ea0a35b8ab959489417b67c26c11f9fb') in 0.027562 seconds
Number of updated asset objects reloaded before import = 0
Number of asset objects unloaded after import = 9
========================================================================
Received Import Request.
  Time since last request: 2.409849 seconds.
  path: Assets/map/communityMap/Models 1/treeSmall.fbx
  artifactKey: Guid(a7c09116e1ca0dc46b643521830aac2f) Importer(815301076,1909f56bfc062723c751e8b465ee728b)
Start importing Assets/map/communityMap/Models 1/treeSmall.fbx using Guid(a7c09116e1ca0dc46b643521830aac2f) Importer(815301076,1909f56bfc062723c751e8b465ee728b) [PhysX] Initialized MultithreadedTaskDispatcher with 12 workers.
[PhysX] Initialized MultithreadedTaskDispatcher with 12 workers.
[PhysX] Initialized MultithreadedTaskDispatcher with 12 workers.
[PhysX] Initialized MultithreadedTaskDispatcher with 12 workers.
[PhysX] Initialized MultithreadedTaskDispatcher with 12 workers.
 -> (artifact id: '5b59f8a7dc73f42705ef6e5d4679f65e') in 0.033076 seconds
Number of updated asset objects reloaded before import = 0
Number of asset objects unloaded after import = 9
========================================================================
Received Import Request.
  Time since last request: 0.000020 seconds.
  path: Assets/map/communityMap/Models 1/billboardLow.fbx
  artifactKey: Guid(6d1256b8dd7c24a4990d6ecb596d6aa0) Importer(815301076,1909f56bfc062723c751e8b465ee728b)
Start importing Assets/map/communityMap/Models 1/billboardLow.fbx using Guid(6d1256b8dd7c24a4990d6ecb596d6aa0) Importer(815301076,1909f56bfc062723c751e8b465ee728b) [PhysX] Initialized MultithreadedTaskDispatcher with 12 workers.
[PhysX] Initialized MultithreadedTaskDispatcher with 12 workers.
[PhysX] Initialized MultithreadedTaskDispatcher with 12 workers.
[PhysX] Initialized MultithreadedTaskDispatcher with 12 workers.
[PhysX] Initialized MultithreadedTaskDispatcher with 12 workers.
[PhysX] Initialized MultithreadedTaskDispatcher with 12 workers.
[PhysX] Initialized MultithreadedTaskDispatcher with 12 workers.
 -> (artifact id: '3e46eb4f374b8e3dc7cfa5ca33906977') in 0.042632 seconds
Number of updated asset objects reloaded before import = 0
Number of asset objects unloaded after import = 12
========================================================================
Received Import Request.
  Time since last request: 0.000027 seconds.
  path: Assets/Car/Materials/Materials/Materials/bbsrim.mat
  artifactKey: Guid(0b4f10569d5fb574ba3767513657a2a9) Importer(815301076,1909f56bfc062723c751e8b465ee728b)
Start importing Assets/Car/Materials/Materials/Materials/bbsrim.mat using Guid(0b4f10569d5fb574ba3767513657a2a9) Importer(815301076,1909f56bfc062723c751e8b465ee728b) [PhysX] Initialized MultithreadedTaskDispatcher with 12 workers.
[PhysX] Initialized MultithreadedTaskDispatcher with 12 workers.
 -> (artifact id: '0fca7ee3c0e63db62828428da67efd1e') in 0.028210 seconds
Number of updated asset objects reloaded before import = 0
Number of asset objects unloaded after import = 2
========================================================================
Received Import Request.
  Time since last request: 0.000017 seconds.
  path: Assets/Car/models/Materials/biker_2.mat
  artifactKey: Guid(9aa600ee91957534a98188cf818f88fc) Importer(815301076,1909f56bfc062723c751e8b465ee728b)
Start importing Assets/Car/models/Materials/biker_2.mat using Guid(9aa600ee91957534a98188cf818f88fc) Importer(815301076,1909f56bfc062723c751e8b465ee728b) [PhysX] Initialized MultithreadedTaskDispatcher with 12 workers.
[PhysX] Initialized MultithreadedTaskDispatcher with 12 workers.
 -> (artifact id: 'daa59d5c7aafa7e3e0750dce88d75527') in 0.025953 seconds
Number of updated asset objects reloaded before import = 0
Number of asset objects unloaded after import = 2
========================================================================
Received Import Request.
  Time since last request: 0.000017 seconds.
  path: Assets/Car/models/Materials/biker_3.mat
  artifactKey: Guid(04656bb279cb2214fa40fea8df0751d9) Importer(815301076,1909f56bfc062723c751e8b465ee728b)
Start importing Assets/Car/models/Materials/biker_3.mat using Guid(04656bb279cb2214fa40fea8df0751d9) Importer(815301076,1909f56bfc062723c751e8b465ee728b) [PhysX] Initialized MultithreadedTaskDispatcher with 12 workers.
[PhysX] Initialized MultithreadedTaskDispatcher with 12 workers.
 -> (artifact id: '49b547bb62b52a477371a35f64f6b743') in 0.031676 seconds
Number of updated asset objects reloaded before import = 0
Number of asset objects unloaded after import = 2
========================================================================
Received Import Request.
  Time since last request: 0.000026 seconds.
  path: Assets/Car/models/Materials/biker_2_diff.mat
  artifactKey: Guid(7c78721155fed684ab7159b267282d73) Importer(815301076,1909f56bfc062723c751e8b465ee728b)
Start importing Assets/Car/models/Materials/biker_2_diff.mat using Guid(7c78721155fed684ab7159b267282d73) Importer(815301076,1909f56bfc062723c751e8b465ee728b) [PhysX] Initialized MultithreadedTaskDispatcher with 12 workers.
[PhysX] Initialized MultithreadedTaskDispatcher with 12 workers.
 -> (artifact id: '7eaaf52b977e0b9de3cae5258e1ec6bc') in 0.019278 seconds
Number of updated asset objects reloaded before import = 0
Number of asset objects unloaded after import = 2
========================================================================
Received Import Request.
  Time since last request: 0.000023 seconds.
  path: Assets/Game 2/Car Models/Universal Accessories/Models/5X20Rim.fbx
  artifactKey: Guid(ee3326a7f0768a7428b93a4d91b5188b) Importer(815301076,1909f56bfc062723c751e8b465ee728b)
Start importing Assets/Game 2/Car Models/Universal Accessories/Models/5X20Rim.fbx using Guid(ee3326a7f0768a7428b93a4d91b5188b) Importer(815301076,1909f56bfc062723c751e8b465ee728b) [PhysX] Initialized MultithreadedTaskDispatcher with 12 workers.
[PhysX] Initialized MultithreadedTaskDispatcher with 12 workers.
[PhysX] Initialized MultithreadedTaskDispatcher with 12 workers.
[PhysX] Initialized MultithreadedTaskDispatcher with 12 workers.
[PhysX] Initialized MultithreadedTaskDispatcher with 12 workers.
[PhysX] Initialized MultithreadedTaskDispatcher with 12 workers.
[PhysX] Initialized MultithreadedTaskDispatcher with 12 workers.
[PhysX] Initialized MultithreadedTaskDispatcher with 12 workers.
[PhysX] Initialized MultithreadedTaskDispatcher with 12 workers.
[PhysX] Initialized MultithreadedTaskDispatcher with 12 workers.
[PhysX] Initialized MultithreadedTaskDispatcher with 12 workers.
[PhysX] Initialized MultithreadedTaskDispatcher with 12 workers.
[PhysX] Initialized MultithreadedTaskDispatcher with 12 workers.
[PhysX] Initialized MultithreadedTaskDispatcher with 12 workers.
[PhysX] Initialized MultithreadedTaskDispatcher with 12 workers.
[PhysX] Initialized MultithreadedTaskDispatcher with 12 workers.
[PhysX] Initialized MultithreadedTaskDispatcher with 12 workers.
[PhysX] Initialized MultithreadedTaskDispatcher with 12 workers.
 -> (artifact id: 'c5353ee92180a64557a93460e00e1d05') in 0.135045 seconds
Number of updated asset objects reloaded before import = 0
Number of asset objects unloaded after import = 39
========================================================================
Received Import Request.
  Time since last request: 0.000030 seconds.
  path: Assets/map/Tree9/bark14.mat
  artifactKey: Guid(760ea8238d6219c42b2739f693d4c834) Importer(815301076,1909f56bfc062723c751e8b465ee728b)
Start importing Assets/map/Tree9/bark14.mat using Guid(760ea8238d6219c42b2739f693d4c834) Importer(815301076,1909f56bfc062723c751e8b465ee728b) [PhysX] Initialized MultithreadedTaskDispatcher with 12 workers.
[PhysX] Initialized MultithreadedTaskDispatcher with 12 workers.
 -> (artifact id: 'eb0bc05f7bfa7d40e16a6a33bf0aafa7') in 0.300510 seconds
Number of updated asset objects reloaded before import = 0
Number of asset objects unloaded after import = 3
========================================================================
Received Import Request.
  Time since last request: 0.000046 seconds.
  path: Assets/vehicles/bmw 1980/tex/caliper.mat
  artifactKey: Guid(bbd2334894a26fa45a81a96bd8009ed8) Importer(815301076,1909f56bfc062723c751e8b465ee728b)
Start importing Assets/vehicles/bmw 1980/tex/caliper.mat using Guid(bbd2334894a26fa45a81a96bd8009ed8) Importer(815301076,1909f56bfc062723c751e8b465ee728b) [PhysX] Initialized MultithreadedTaskDispatcher with 12 workers.
[PhysX] Initialized MultithreadedTaskDispatcher with 12 workers.
 -> (artifact id: 'c5b1ec579c6cfa554815557b9ff28fd3') in 0.018225 seconds
Number of updated asset objects reloaded before import = 0
Number of asset objects unloaded after import = 1
========================================================================
Received Import Request.
  Time since last request: 0.000041 seconds.
  path: Assets/map/communityMap/materials/Vehicles/CarMetal.mat
  artifactKey: Guid(ba620eb5f835d4b4bbb1e0abd3e43b2e) Importer(815301076,1909f56bfc062723c751e8b465ee728b)
Start importing Assets/map/communityMap/materials/Vehicles/CarMetal.mat using Guid(ba620eb5f835d4b4bbb1e0abd3e43b2e) Importer(815301076,1909f56bfc062723c751e8b465ee728b) [PhysX] Initialized MultithreadedTaskDispatcher with 12 workers.
[PhysX] Initialized MultithreadedTaskDispatcher with 12 workers.
 -> (artifact id: '0abc9f303ee23e5ec13d09d58e8397c4') in 0.018266 seconds
Number of updated asset objects reloaded before import = 0
Number of asset objects unloaded after import = 1
========================================================================
Received Import Request.
  Time since last request: 0.000050 seconds.
  path: Assets/vehicles/chiron/materials/brakes.mat
  artifactKey: Guid(df1c23afaa83ee041b31792ca9ea9f39) Importer(815301076,1909f56bfc062723c751e8b465ee728b)
Start importing Assets/vehicles/chiron/materials/brakes.mat using Guid(df1c23afaa83ee041b31792ca9ea9f39) Importer(815301076,1909f56bfc062723c751e8b465ee728b) [PhysX] Initialized MultithreadedTaskDispatcher with 12 workers.
[PhysX] Initialized MultithreadedTaskDispatcher with 12 workers.
 -> (artifact id: 'b59846fc8b9cded5bb7d2bd968f5441d') in 0.015990 seconds
Number of updated asset objects reloaded before import = 0
Number of asset objects unloaded after import = 1
========================================================================
Received Import Request.
  Time since last request: 0.000018 seconds.
  path: Assets/SkySerie Freebie/CasualDay.mat
  artifactKey: Guid(85cf0b004bc4a654b9e501efcce47902) Importer(815301076,1909f56bfc062723c751e8b465ee728b)
Start importing Assets/SkySerie Freebie/CasualDay.mat using Guid(85cf0b004bc4a654b9e501efcce47902) Importer(815301076,1909f56bfc062723c751e8b465ee728b) [PhysX] Initialized MultithreadedTaskDispatcher with 12 workers.
[PhysX] Initialized MultithreadedTaskDispatcher with 12 workers.
 -> (artifact id: 'fd97d56e0d90c4580e06e8fa4172d266') in 0.145061 seconds
Number of updated asset objects reloaded before import = 0
Number of asset objects unloaded after import = 2
========================================================================
Received Import Request.
  Time since last request: 0.000032 seconds.
  path: Assets/map/communityMap/materials/Vehicles/CarPaint.mat
  artifactKey: Guid(5e5aaa0ee9a4ed240a3c38a87943b618) Importer(815301076,1909f56bfc062723c751e8b465ee728b)
Start importing Assets/map/communityMap/materials/Vehicles/CarPaint.mat using Guid(5e5aaa0ee9a4ed240a3c38a87943b618) Importer(815301076,1909f56bfc062723c751e8b465ee728b) [PhysX] Initialized MultithreadedTaskDispatcher with 12 workers.
[PhysX] Initialized MultithreadedTaskDispatcher with 12 workers.
 -> (artifact id: '32fbf3e2f25a6da17651c21c2eb1fff2') in 0.313698 seconds
Number of updated asset objects reloaded before import = 0
Number of asset objects unloaded after import = 1
========================================================================
Received Import Request.
  Time since last request: 0.000032 seconds.
  path: Assets/map/AllSkyFree/Cartoon Base NightSky/Cartoon Base NightSky.mat
  artifactKey: Guid(aa78c8d403a8547fe86d1f74239e6b03) Importer(815301076,1909f56bfc062723c751e8b465ee728b)
Start importing Assets/map/AllSkyFree/Cartoon Base NightSky/Cartoon Base NightSky.mat using Guid(aa78c8d403a8547fe86d1f74239e6b03) Importer(815301076,1909f56bfc062723c751e8b465ee728b) [PhysX] Initialized MultithreadedTaskDispatcher with 12 workers.
[PhysX] Initialized MultithreadedTaskDispatcher with 12 workers.
 -> (artifact id: 'b1ffbaf86d0a3751ccfa8594de7dff17') in 0.125629 seconds
Number of updated asset objects reloaded before import = 0
Number of asset objects unloaded after import = 7
========================================================================
Received Import Request.
  Time since last request: 0.000025 seconds.
  path: Assets/Game 2/Car Models/lancia-stratos-low-poly-model/source/lshfg4.fbx
  artifactKey: Guid(3ba13f34bee3db3458203f4dd042aaea) Importer(815301076,1909f56bfc062723c751e8b465ee728b)
Start importing Assets/Game 2/Car Models/lancia-stratos-low-poly-model/source/lshfg4.fbx using Guid(3ba13f34bee3db3458203f4dd042aaea) Importer(815301076,1909f56bfc062723c751e8b465ee728b) [PhysX] Initialized MultithreadedTaskDispatcher with 12 workers.
[PhysX] Initialized MultithreadedTaskDispatcher with 12 workers.
[PhysX] Initialized MultithreadedTaskDispatcher with 12 workers.
[PhysX] Initialized MultithreadedTaskDispatcher with 12 workers.
[PhysX] Initialized MultithreadedTaskDispatcher with 12 workers.
[PhysX] Initialized MultithreadedTaskDispatcher with 12 workers.
[PhysX] Initialized MultithreadedTaskDispatcher with 12 workers.
[PhysX] Initialized MultithreadedTaskDispatcher with 12 workers.
[PhysX] Initialized MultithreadedTaskDispatcher with 12 workers.
[PhysX] Initialized MultithreadedTaskDispatcher with 12 workers.
[PhysX] Initialized MultithreadedTaskDispatcher with 12 workers.
[PhysX] Initialized MultithreadedTaskDispatcher with 12 workers.
[PhysX] Initialized MultithreadedTaskDispatcher with 12 workers.
[PhysX] Initialized MultithreadedTaskDispatcher with 12 workers.
[PhysX] Initialized MultithreadedTaskDispatcher with 12 workers.
[PhysX] Initialized MultithreadedTaskDispatcher with 12 workers.
[PhysX] Initialized MultithreadedTaskDispatcher with 12 workers.
[PhysX] Initialized MultithreadedTaskDispatcher with 12 workers.
[PhysX] Initialized MultithreadedTaskDispatcher with 12 workers.
[PhysX] Initialized MultithreadedTaskDispatcher with 12 workers.
[PhysX] Initialized MultithreadedTaskDispatcher with 12 workers.
[PhysX] Initialized MultithreadedTaskDispatcher with 12 workers.
[PhysX] Initialized MultithreadedTaskDispatcher with 12 workers.
[PhysX] Initialized MultithreadedTaskDispatcher with 12 workers.
[PhysX] Initialized MultithreadedTaskDispatcher with 12 workers.
[PhysX] Initialized MultithreadedTaskDispatcher with 12 workers.
[PhysX] Initialized MultithreadedTaskDispatcher with 12 workers.
[PhysX] Initialized MultithreadedTaskDispatcher with 12 workers.
[PhysX] Initialized MultithreadedTaskDispatcher with 12 workers.
[PhysX] Initialized MultithreadedTaskDispatcher with 12 workers.
[PhysX] Initialized MultithreadedTaskDispatcher with 12 workers.
[PhysX] Initialized MultithreadedTaskDispatcher with 12 workers.
[PhysX] Initialized MultithreadedTaskDispatcher with 12 workers.
[PhysX] Initialized MultithreadedTaskDispatcher with 12 workers.
[PhysX] Initialized MultithreadedTaskDispatcher with 12 workers.
[PhysX] Initialized MultithreadedTaskDispatcher with 12 workers.
[PhysX] Initialized MultithreadedTaskDispatcher with 12 workers.
[PhysX] Initialized MultithreadedTaskDispatcher with 12 workers.
[PhysX] Initialized MultithreadedTaskDispatcher with 12 workers.
[PhysX] Initialized MultithreadedTaskDispatcher with 12 workers.
[PhysX] Initialized MultithreadedTaskDispatcher with 12 workers.
[PhysX] Initialized MultithreadedTaskDispatcher with 12 workers.
[PhysX] Initialized MultithreadedTaskDispatcher with 12 workers.
[PhysX] Initialized MultithreadedTaskDispatcher with 12 workers.
[PhysX] Initialized MultithreadedTaskDispatcher with 12 workers.
[PhysX] Initialized MultithreadedTaskDispatcher with 12 workers.
[PhysX] Initialized MultithreadedTaskDispatcher with 12 workers.
[PhysX] Initialized MultithreadedTaskDispatcher with 12 workers.
[PhysX] Initialized MultithreadedTaskDispatcher with 12 workers.
[PhysX] Initialized MultithreadedTaskDispatcher with 12 workers.
[PhysX] Initialized MultithreadedTaskDispatcher with 12 workers.
[PhysX] Initialized MultithreadedTaskDispatcher with 12 workers.
[PhysX] Initialized MultithreadedTaskDispatcher with 12 workers.
[PhysX] Initialized MultithreadedTaskDispatcher with 12 workers.
 -> (artifact id: '2a2bfd4d4b2f8a6dfb2bb0246a1ecc08') in 0.392840 seconds
Number of updated asset objects reloaded before import = 0
Number of asset objects unloaded after import = 118
========================================================================
Received Import Request.
  Time since last request: 0.000029 seconds.
  path: Assets/Game 2/Props/laxer tree pkg/Models/Materials/bark wh lw.mat
  artifactKey: Guid(62c004aeef1076648a99aaa35156912b) Importer(815301076,1909f56bfc062723c751e8b465ee728b)
Start importing Assets/Game 2/Props/laxer tree pkg/Models/Materials/bark wh lw.mat using Guid(62c004aeef1076648a99aaa35156912b) Importer(815301076,1909f56bfc062723c751e8b465ee728b) [PhysX] Initialized MultithreadedTaskDispatcher with 12 workers.
[PhysX] Initialized MultithreadedTaskDispatcher with 12 workers.
 -> (artifact id: 'a5625435de1d14c916ac9bd592a71036') in 0.124433 seconds
Number of updated asset objects reloaded before import = 0
Number of asset objects unloaded after import = 2
========================================================================
Received Import Request.
  Time since last request: 0.403597 seconds.
  path: Assets/Characters/Materials/Character_Albedo.mat
  artifactKey: Guid(adf1fa6325315f34689ed29d70711237) Importer(815301076,1909f56bfc062723c751e8b465ee728b)
Start importing Assets/Characters/Materials/Character_Albedo.mat using Guid(adf1fa6325315f34689ed29d70711237) Importer(815301076,1909f56bfc062723c751e8b465ee728b) [PhysX] Initialized MultithreadedTaskDispatcher with 12 workers.
[PhysX] Initialized MultithreadedTaskDispatcher with 12 workers.
 -> (artifact id: 'f54a2c63d2be8b21b682f2bbe603ee6d') in 0.019503 seconds
Number of updated asset objects reloaded before import = 0
Number of asset objects unloaded after import = 2
========================================================================
Received Import Request.
  Time since last request: 0.007390 seconds.
  path: Assets/SkySerie Freebie/Cloudymorning.mat
  artifactKey: Guid(d9dca9ae1786c394f9e79c637aa9a7bf) Importer(815301076,1909f56bfc062723c751e8b465ee728b)
Start importing Assets/SkySerie Freebie/Cloudymorning.mat using Guid(d9dca9ae1786c394f9e79c637aa9a7bf) Importer(815301076,1909f56bfc062723c751e8b465ee728b) [PhysX] Initialized MultithreadedTaskDispatcher with 12 workers.
[PhysX] Initialized MultithreadedTaskDispatcher with 12 workers.
 -> (artifact id: 'f106f27cd58db36d23ab0332491a2b81') in 0.173515 seconds
Number of updated asset objects reloaded before import = 0
Number of asset objects unloaded after import = 2
========================================================================
Received Import Request.
  Time since last request: 0.000023 seconds.
  path: Assets/map/AllSkyFree/Cold Night/Materials/Cold Night Equirect.mat
  artifactKey: Guid(4500ddad143dd864ca5b2d696a17900a) Importer(815301076,1909f56bfc062723c751e8b465ee728b)
Start importing Assets/map/AllSkyFree/Cold Night/Materials/Cold Night Equirect.mat using Guid(4500ddad143dd864ca5b2d696a17900a) Importer(815301076,1909f56bfc062723c751e8b465ee728b) [PhysX] Initialized MultithreadedTaskDispatcher with 12 workers.
[PhysX] Initialized MultithreadedTaskDispatcher with 12 workers.
 -> (artifact id: '81912509cb1c50f3279260ed31076267') in 0.066299 seconds
Number of updated asset objects reloaded before import = 0
Number of asset objects unloaded after import = 2
========================================================================
Received Import Request.
  Time since last request: 0.000019 seconds.
  path: Assets/SkySerie Freebie/CosmicCoolCloud.mat
  artifactKey: Guid(f531e09e2ad2fb440b4eed7605863143) Importer(815301076,1909f56bfc062723c751e8b465ee728b)
Start importing Assets/SkySerie Freebie/CosmicCoolCloud.mat using Guid(f531e09e2ad2fb440b4eed7605863143) Importer(815301076,1909f56bfc062723c751e8b465ee728b) [PhysX] Initialized MultithreadedTaskDispatcher with 12 workers.
[PhysX] Initialized MultithreadedTaskDispatcher with 12 workers.
 -> (artifact id: '7949eb167c361372827d292c99292b8a') in 0.237123 seconds
Number of updated asset objects reloaded before import = 0
Number of asset objects unloaded after import = 7
========================================================================
Received Import Request.
  Time since last request: 0.000031 seconds.
  path: Assets/Characters/Materials/driver-RT_DRIVER_Face.mat
  artifactKey: Guid(e3fce3dc5ef3b88499a93bd016cb00eb) Importer(815301076,1909f56bfc062723c751e8b465ee728b)
Start importing Assets/Characters/Materials/driver-RT_DRIVER_Face.mat using Guid(e3fce3dc5ef3b88499a93bd016cb00eb) Importer(815301076,1909f56bfc062723c751e8b465ee728b) [PhysX] Initialized MultithreadedTaskDispatcher with 12 workers.
[PhysX] Initialized MultithreadedTaskDispatcher with 12 workers.
 -> (artifact id: 'b21b31586b6a426340e9ddd529d2eea7') in 0.024302 seconds
Number of updated asset objects reloaded before import = 0
Number of asset objects unloaded after import = 2
========================================================================
Received Import Request.
  Time since last request: 0.000058 seconds.
  path: Assets/Characters/Materials/driver-RT_Gloves.mat
  artifactKey: Guid(e40605171fd655f479b5e5864ba41386) Importer(815301076,1909f56bfc062723c751e8b465ee728b)
Start importing Assets/Characters/Materials/driver-RT_Gloves.mat using Guid(e40605171fd655f479b5e5864ba41386) Importer(815301076,1909f56bfc062723c751e8b465ee728b) [PhysX] Initialized MultithreadedTaskDispatcher with 12 workers.
[PhysX] Initialized MultithreadedTaskDispatcher with 12 workers.
 -> (artifact id: '27e4693a2f4d4f0cb0e530568e14581f') in 0.015360 seconds
Number of updated asset objects reloaded before import = 0
Number of asset objects unloaded after import = 2
========================================================================
Received Import Request.
  Time since last request: 0.000024 seconds.
  path: Assets/map/communityMap/materials/Environment/Concrete.mat
  artifactKey: Guid(3e4ae3ba4ee47a24db55665140d0962d) Importer(815301076,1909f56bfc062723c751e8b465ee728b)
Start importing Assets/map/communityMap/materials/Environment/Concrete.mat using Guid(3e4ae3ba4ee47a24db55665140d0962d) Importer(815301076,1909f56bfc062723c751e8b465ee728b) [PhysX] Initialized MultithreadedTaskDispatcher with 12 workers.
[PhysX] Initialized MultithreadedTaskDispatcher with 12 workers.
 -> (artifact id: 'cc1974735ac7394dfe96f6ad9948ce8e') in 0.017131 seconds
Number of updated asset objects reloaded before import = 0
Number of asset objects unloaded after import = 4
========================================================================
Received Import Request.
  Time since last request: 0.000018 seconds.
  path: Assets/map/AllSkyFree/Cold Sunset/Materials/Cold Sunset Equirect.mat
  artifactKey: Guid(b307e9ac507e2ad4eaca76766f9daa31) Importer(815301076,1909f56bfc062723c751e8b465ee728b)
Start importing Assets/map/AllSkyFree/Cold Sunset/Materials/Cold Sunset Equirect.mat using Guid(b307e9ac507e2ad4eaca76766f9daa31) Importer(815301076,1909f56bfc062723c751e8b465ee728b) [PhysX] Initialized MultithreadedTaskDispatcher with 12 workers.
[PhysX] Initialized MultithreadedTaskDispatcher with 12 workers.
 -> (artifact id: '4bf704fa956ef25442cf2b5e1c17f42b') in 0.050699 seconds
Number of updated asset objects reloaded before import = 0
Number of asset objects unloaded after import = 2
========================================================================
Received Import Request.
  Time since last request: 0.000023 seconds.
  path: Assets/map/communityMap/materials/Environment/Dirt.mat
  artifactKey: Guid(03b4eec34e151364abcbbaa2b10de46d) Importer(815301076,1909f56bfc062723c751e8b465ee728b)
Start importing Assets/map/communityMap/materials/Environment/Dirt.mat using Guid(03b4eec34e151364abcbbaa2b10de46d) Importer(815301076,1909f56bfc062723c751e8b465ee728b) [PhysX] Initialized MultithreadedTaskDispatcher with 12 workers.
[PhysX] Initialized MultithreadedTaskDispatcher with 12 workers.
 -> (artifact id: '100e666c1245d6b38c61fb4e68e35057') in 0.025741 seconds
Number of updated asset objects reloaded before import = 0
Number of asset objects unloaded after import = 4
========================================================================
Received Import Request.
  Time since last request: 0.000017 seconds.
  path: Assets/Characters/Materials/driver-RT_HELMET_Glass.mat
  artifactKey: Guid(0f2e4b33a5698b04c9704e65e0ee16e2) Importer(815301076,1909f56bfc062723c751e8b465ee728b)
Start importing Assets/Characters/Materials/driver-RT_HELMET_Glass.mat using Guid(0f2e4b33a5698b04c9704e65e0ee16e2) Importer(815301076,1909f56bfc062723c751e8b465ee728b) [PhysX] Initialized MultithreadedTaskDispatcher with 12 workers.
[PhysX] Initialized MultithreadedTaskDispatcher with 12 workers.
 -> (artifact id: 'f4c84d8056c3f8daa948cb1732dd17c0') in 0.029470 seconds
Number of updated asset objects reloaded before import = 0
Number of asset objects unloaded after import = 2
========================================================================
Received Import Request.
  Time since last request: 0.000020 seconds.
  path: Assets/Characters/textures 2/Materials/driver_face.mat
  artifactKey: Guid(8b84d4a59bf2c9541ab2d182b407900c) Importer(815301076,1909f56bfc062723c751e8b465ee728b)
Start importing Assets/Characters/textures 2/Materials/driver_face.mat using Guid(8b84d4a59bf2c9541ab2d182b407900c) Importer(815301076,1909f56bfc062723c751e8b465ee728b) [PhysX] Initialized MultithreadedTaskDispatcher with 12 workers.
[PhysX] Initialized MultithreadedTaskDispatcher with 12 workers.
 -> (artifact id: '7caf4ba7edc1b1698f7b3a28ce3c98e2') in 0.025003 seconds
Number of updated asset objects reloaded before import = 0
Number of asset objects unloaded after import = 2
========================================================================
Received Import Request.
  Time since last request: 0.000029 seconds.
  path: Assets/Effects/Materials/Embers.mat
  artifactKey: Guid(776677ab3818fb249adaca05f4e04545) Importer(815301076,1909f56bfc062723c751e8b465ee728b)
Start importing Assets/Effects/Materials/Embers.mat using Guid(776677ab3818fb249adaca05f4e04545) Importer(815301076,1909f56bfc062723c751e8b465ee728b) [PhysX] Initialized MultithreadedTaskDispatcher with 12 workers.
[PhysX] Initialized MultithreadedTaskDispatcher with 12 workers.
 -> (artifact id: '3587b3a61878814b994453029016a80f') in 0.068486 seconds
Number of updated asset objects reloaded before import = 0
Number of asset objects unloaded after import = 1
========================================================================
Received Import Request.
  Time since last request: 0.000025 seconds.
  path: Assets/map/AllSkyFree/Epic_BlueSunset/Epic_BlueSunset Equirect.mat
  artifactKey: Guid(cdbb40e11399e4a17882ada20a1b896a) Importer(815301076,1909f56bfc062723c751e8b465ee728b)
Start importing Assets/map/AllSkyFree/Epic_BlueSunset/Epic_BlueSunset Equirect.mat using Guid(cdbb40e11399e4a17882ada20a1b896a) Importer(815301076,1909f56bfc062723c751e8b465ee728b) [PhysX] Initialized MultithreadedTaskDispatcher with 12 workers.
[PhysX] Initialized MultithreadedTaskDispatcher with 12 workers.
 -> (artifact id: '1a37beaee1dea81dd278df9a13ca9e97') in 0.045755 seconds
Number of updated asset objects reloaded before import = 0
Number of asset objects unloaded after import = 2
========================================================================
Received Import Request.
  Time since last request: 0.000046 seconds.
  path: Assets/map/AllSkyFree/Epic_GloriousPink/Epic_GloriousPink Equirect.mat
  artifactKey: Guid(fe4e130f9947345a2b213cb5038851a2) Importer(815301076,1909f56bfc062723c751e8b465ee728b)
Start importing Assets/map/AllSkyFree/Epic_GloriousPink/Epic_GloriousPink Equirect.mat using Guid(fe4e130f9947345a2b213cb5038851a2) Importer(815301076,1909f56bfc062723c751e8b465ee728b) [PhysX] Initialized MultithreadedTaskDispatcher with 12 workers.
[PhysX] Initialized MultithreadedTaskDispatcher with 12 workers.
 -> (artifact id: '568c1fa8b4c1b0db80f70847580d9055') in 0.052145 seconds
Number of updated asset objects reloaded before import = 0
Number of asset objects unloaded after import = 2
========================================================================
Received Import Request.
  Time since last request: 0.000015 seconds.
  path: Assets/Effects/Materials/ExplosionDistortion.mat
  artifactKey: Guid(fafa06e8ef8c7fb4eac7a74c65cf3a06) Importer(815301076,1909f56bfc062723c751e8b465ee728b)
Start importing Assets/Effects/Materials/ExplosionDistortion.mat using Guid(fafa06e8ef8c7fb4eac7a74c65cf3a06) Importer(815301076,1909f56bfc062723c751e8b465ee728b) [PhysX] Initialized MultithreadedTaskDispatcher with 12 workers.
[PhysX] Initialized MultithreadedTaskDispatcher with 12 workers.
 -> (artifact id: '21b678f007db5ba7e21d75adafb2d481') in 0.113837 seconds
Number of updated asset objects reloaded before import = 0
Number of asset objects unloaded after import = 3
========================================================================
Received Import Request.
  Time since last request: 0.000015 seconds.
  path: Assets/Car/textures 2/Materials/Fabric004_4K_Colorcopie.mat
  artifactKey: Guid(eb70aece7df32654db8a3531beb82034) Importer(815301076,1909f56bfc062723c751e8b465ee728b)
Start importing Assets/Car/textures 2/Materials/Fabric004_4K_Colorcopie.mat using Guid(eb70aece7df32654db8a3531beb82034) Importer(815301076,1909f56bfc062723c751e8b465ee728b) [PhysX] Initialized MultithreadedTaskDispatcher with 12 workers.
[PhysX] Initialized MultithreadedTaskDispatcher with 12 workers.
 -> (artifact id: 'c957f603ad09dbedd1425c4fd7f6c46d') in 0.036782 seconds
Number of updated asset objects reloaded before import = 0
Number of asset objects unloaded after import = 2
========================================================================
Received Import Request.
  Time since last request: 0.000020 seconds.
  path: Assets/Game 2/Car Models/Universal Accessories/Materials/Felt.mat
  artifactKey: Guid(31dbfccd42bf76b40862c6f7e237457e) Importer(815301076,1909f56bfc062723c751e8b465ee728b)
Start importing Assets/Game 2/Car Models/Universal Accessories/Materials/Felt.mat using Guid(31dbfccd42bf76b40862c6f7e237457e) Importer(815301076,1909f56bfc062723c751e8b465ee728b) [PhysX] Initialized MultithreadedTaskDispatcher with 12 workers.
[PhysX] Initialized MultithreadedTaskDispatcher with 12 workers.
 -> (artifact id: '227fca8dfc1612b71fb0d508e0b2954b') in 0.034957 seconds
Number of updated asset objects reloaded before import = 0
Number of asset objects unloaded after import = 3
========================================================================
Received Import Request.
  Time since last request: 0.000030 seconds.
  path: Assets/Effects/Materials/Explosion.mat
  artifactKey: Guid(6421a5a06ae9f7a47a57b67f35c73b5a) Importer(815301076,1909f56bfc062723c751e8b465ee728b)
Start importing Assets/Effects/Materials/Explosion.mat using Guid(6421a5a06ae9f7a47a57b67f35c73b5a) Importer(815301076,1909f56bfc062723c751e8b465ee728b) [PhysX] Initialized MultithreadedTaskDispatcher with 12 workers.
[PhysX] Initialized MultithreadedTaskDispatcher with 12 workers.
 -> (artifact id: '1abb387c2346bfbee384ce902b27d8b7') in 0.125279 seconds
Number of updated asset objects reloaded before import = 0
Number of asset objects unloaded after import = 5
========================================================================
Received Import Request.
  Time since last request: 0.000038 seconds.
  path: Assets/Pause Menu Assets/Fonts/exo/Exo-LightItalic.otf
  artifactKey: Guid(bce86b55a79174a42b40200202520ec3) Importer(815301076,1909f56bfc062723c751e8b465ee728b)
Start importing Assets/Pause Menu Assets/Fonts/exo/Exo-LightItalic.otf using Guid(bce86b55a79174a42b40200202520ec3) Importer(815301076,1909f56bfc062723c751e8b465ee728b) [PhysX] Initialized MultithreadedTaskDispatcher with 12 workers.
[PhysX] Initialized MultithreadedTaskDispatcher with 12 workers.
[PhysX] Initialized MultithreadedTaskDispatcher with 12 workers.
 -> (artifact id: 'a31cb99bf06ce70a77fa2749ee5c5a74') in 0.041679 seconds
Number of updated asset objects reloaded before import = 0
Number of asset objects unloaded after import = 4
========================================================================
Received Import Request.
  Time since last request: 0.000061 seconds.
  path: Assets/Pause Menu Assets/Fonts/exo/Exo-Light.otf
  artifactKey: Guid(eed87497a42490f49a039d31020a8742) Importer(815301076,1909f56bfc062723c751e8b465ee728b)
Start importing Assets/Pause Menu Assets/Fonts/exo/Exo-Light.otf using Guid(eed87497a42490f49a039d31020a8742) Importer(815301076,1909f56bfc062723c751e8b465ee728b) [PhysX] Initialized MultithreadedTaskDispatcher with 12 workers.
[PhysX] Initialized MultithreadedTaskDispatcher with 12 workers.
[PhysX] Initialized MultithreadedTaskDispatcher with 12 workers.
 -> (artifact id: '4da225ab6f3553dfc96ba5bdb21b18f8') in 0.018518 seconds
Number of updated asset objects reloaded before import = 0
Number of asset objects unloaded after import = 4
========================================================================
Received Import Request.
  Time since last request: 0.000022 seconds.
  path: Assets/Photon/PhotonUnityNetworking/Demos/Shared Assets/Skin/eurof35.ttf
  artifactKey: Guid(954746d370bc8934299c8c8267543f4f) Importer(815301076,1909f56bfc062723c751e8b465ee728b)
Start importing Assets/Photon/PhotonUnityNetworking/Demos/Shared Assets/Skin/eurof35.ttf using Guid(954746d370bc8934299c8c8267543f4f) Importer(815301076,1909f56bfc062723c751e8b465ee728b) [PhysX] Initialized MultithreadedTaskDispatcher with 12 workers.
[PhysX] Initialized MultithreadedTaskDispatcher with 12 workers.
[PhysX] Initialized MultithreadedTaskDispatcher with 12 workers.
 -> (artifact id: '4c816b742ce42344c16faaabe275347b') in 0.014647 seconds
Number of updated asset objects reloaded before import = 0
Number of asset objects unloaded after import = 4
========================================================================
Received Import Request.
  Time since last request: 0.000060 seconds.
  path: Assets/Effects/Materials/EnergyShockwave.mat
  artifactKey: Guid(65586f2fde3974c4e9469dfe6cf89338) Importer(815301076,1909f56bfc062723c751e8b465ee728b)
Start importing Assets/Effects/Materials/EnergyShockwave.mat using Guid(65586f2fde3974c4e9469dfe6cf89338) Importer(815301076,1909f56bfc062723c751e8b465ee728b) [PhysX] Initialized MultithreadedTaskDispatcher with 12 workers.
[PhysX] Initialized MultithreadedTaskDispatcher with 12 workers.
 -> (artifact id: 'bb3e742eceb658f840b57827137b91ce') in 0.061839 seconds
Number of updated asset objects reloaded before import = 0
Number of asset objects unloaded after import = 3
========================================================================
Received Import Request.
  Time since last request: 0.000028 seconds.
  path: Assets/Characters/Materials/driver_face.mat
  artifactKey: Guid(5403e6fa9b0715e4489b91b85c04ba28) Importer(815301076,1909f56bfc062723c751e8b465ee728b)
Start importing Assets/Characters/Materials/driver_face.mat using Guid(5403e6fa9b0715e4489b91b85c04ba28) Importer(815301076,1909f56bfc062723c751e8b465ee728b) [PhysX] Initialized MultithreadedTaskDispatcher with 12 workers.
[PhysX] Initialized MultithreadedTaskDispatcher with 12 workers.
 -> (artifact id: '79d85282d4f0b19ff9cb04157e887f50') in 0.022770 seconds
Number of updated asset objects reloaded before import = 0
Number of asset objects unloaded after import = 2
========================================================================
Received Import Request.
  Time since last request: 0.000035 seconds.
  path: Assets/map/AllSkyFree/Epic_BlueSunset/Materials/Epic_BlueSunset_EquiRect_flat.mat
  artifactKey: Guid(22a3521946a6012449ee957ac0cc00fd) Importer(815301076,1909f56bfc062723c751e8b465ee728b)
Start importing Assets/map/AllSkyFree/Epic_BlueSunset/Materials/Epic_BlueSunset_EquiRect_flat.mat using Guid(22a3521946a6012449ee957ac0cc00fd) Importer(815301076,1909f56bfc062723c751e8b465ee728b) [PhysX] Initialized MultithreadedTaskDispatcher with 12 workers.
[PhysX] Initialized MultithreadedTaskDispatcher with 12 workers.
 -> (artifact id: 'dfd59ebe24c3cb986c578d0950f26396') in 0.031729 seconds
Number of updated asset objects reloaded before import = 0
Number of asset objects unloaded after import = 2
========================================================================
Received Import Request.
  Time since last request: 0.000072 seconds.
  path: Assets/Sibl/Materials/Factory_Catwalk_preview.mat
  artifactKey: Guid(eb77c501700e17e45a65f18e77f67483) Importer(815301076,1909f56bfc062723c751e8b465ee728b)
Start importing Assets/Sibl/Materials/Factory_Catwalk_preview.mat using Guid(eb77c501700e17e45a65f18e77f67483) Importer(815301076,1909f56bfc062723c751e8b465ee728b) [PhysX] Initialized MultithreadedTaskDispatcher with 12 workers.
[PhysX] Initialized MultithreadedTaskDispatcher with 12 workers.
 -> (artifact id: '52dfa21ac012a1a5ca1ff4284c9f4fd5') in 0.014617 seconds
Number of updated asset objects reloaded before import = 0
Number of asset objects unloaded after import = 1
========================================================================
Received Import Request.
  Time since last request: 0.000025 seconds.
  path: Assets/map/AllSkyFree/Cartoon Base BlueSky/Day_BlueSky_Nothing Equirect.mat
  artifactKey: Guid(73324b55f67f54c7bbf43204788b8bbe) Importer(815301076,1909f56bfc062723c751e8b465ee728b)
Start importing Assets/map/AllSkyFree/Cartoon Base BlueSky/Day_BlueSky_Nothing Equirect.mat using Guid(73324b55f67f54c7bbf43204788b8bbe) Importer(815301076,1909f56bfc062723c751e8b465ee728b) [PhysX] Initialized MultithreadedTaskDispatcher with 12 workers.
[PhysX] Initialized MultithreadedTaskDispatcher with 12 workers.
 -> (artifact id: '4d73207664d87286794049a45090655f') in 0.071056 seconds
Number of updated asset objects reloaded before import = 0
Number of asset objects unloaded after import = 2
========================================================================
Received Import Request.
  Time since last request: 0.000025 seconds.
  path: Assets/Characters/Materials/driver-RT_HANS.mat
  artifactKey: Guid(6bbdac0fd1fd1d7438f7d86987ca442b) Importer(815301076,1909f56bfc062723c751e8b465ee728b)
Start importing Assets/Characters/Materials/driver-RT_HANS.mat using Guid(6bbdac0fd1fd1d7438f7d86987ca442b) Importer(815301076,1909f56bfc062723c751e8b465ee728b) [PhysX] Initialized MultithreadedTaskDispatcher with 12 workers.
[PhysX] Initialized MultithreadedTaskDispatcher with 12 workers.
 -> (artifact id: 'ffaafb25cadb329301950af456fc347b') in 0.066151 seconds
Number of updated asset objects reloaded before import = 0
Number of asset objects unloaded after import = 1
========================================================================
Received Import Request.
  Time since last request: 0.000039 seconds.
  path: Assets/Car/textures 1/Materials/F1 Car_Formula 1 Car_BaseColor.mat
  artifactKey: Guid(41436fb7ac526144a91de1563deffba4) Importer(815301076,1909f56bfc062723c751e8b465ee728b)
Start importing Assets/Car/textures 1/Materials/F1 Car_Formula 1 Car_BaseColor.mat using Guid(41436fb7ac526144a91de1563deffba4) Importer(815301076,1909f56bfc062723c751e8b465ee728b) [PhysX] Initialized MultithreadedTaskDispatcher with 12 workers.
[PhysX] Initialized MultithreadedTaskDispatcher with 12 workers.
 -> (artifact id: '5589cce8d341e388b11b357fdd5e7d0e') in 0.485931 seconds
Number of updated asset objects reloaded before import = 0
Number of asset objects unloaded after import = 4
========================================================================
Received Import Request.
  Time since last request: 0.000041 seconds.
  path: Assets/Plugins/SimpleInput/Example/EnvironmentMat.mat
  artifactKey: Guid(0b0b3a09994a6e94e81dae611cb60c29) Importer(815301076,1909f56bfc062723c751e8b465ee728b)
Start importing Assets/Plugins/SimpleInput/Example/EnvironmentMat.mat using Guid(0b0b3a09994a6e94e81dae611cb60c29) Importer(815301076,1909f56bfc062723c751e8b465ee728b) [PhysX] Initialized MultithreadedTaskDispatcher with 12 workers.
[PhysX] Initialized MultithreadedTaskDispatcher with 12 workers.
 -> (artifact id: '07261be9648c4f937990f2e066145ab6') in 0.219709 seconds
Number of updated asset objects reloaded before import = 0
Number of asset objects unloaded after import = 1
========================================================================
Received Import Request.
  Time since last request: 0.000187 seconds.
  path: Assets/map/AllSkyFree/Deep Dusk/Materials/Deep Dusk Equirect.mat
  artifactKey: Guid(10ed0e0b45b023c47996a90805317ca5) Importer(815301076,1909f56bfc062723c751e8b465ee728b)
Start importing Assets/map/AllSkyFree/Deep Dusk/Materials/Deep Dusk Equirect.mat using Guid(10ed0e0b45b023c47996a90805317ca5) Importer(815301076,1909f56bfc062723c751e8b465ee728b) [PhysX] Initialized MultithreadedTaskDispatcher with 12 workers.
[PhysX] Initialized MultithreadedTaskDispatcher with 12 workers.
 -> (artifact id: '85643b3c242ac97ad2a8cfbf0efab08f') in 0.030863 seconds
Number of updated asset objects reloaded before import = 0
Number of asset objects unloaded after import = 2
========================================================================
Received Import Request.
  Time since last request: 0.000025 seconds.
  path: Assets/Pause Menu Assets/Fonts/open-sans/OpenSans-BoldItalic.ttf
  artifactKey: Guid(243289794ce9f2a4ebe37f49568b33ab) Importer(815301076,1909f56bfc062723c751e8b465ee728b)
Start importing Assets/Pause Menu Assets/Fonts/open-sans/OpenSans-BoldItalic.ttf using Guid(243289794ce9f2a4ebe37f49568b33ab) Importer(815301076,1909f56bfc062723c751e8b465ee728b) [PhysX] Initialized MultithreadedTaskDispatcher with 12 workers.
[PhysX] Initialized MultithreadedTaskDispatcher with 12 workers.
[PhysX] Initialized MultithreadedTaskDispatcher with 12 workers.
 -> (artifact id: 'a4c07dbbee2020dcea7965c53f82e58a') in 0.018254 seconds
Number of updated asset objects reloaded before import = 0
Number of asset objects unloaded after import = 4
========================================================================
Received Import Request.
  Time since last request: 0.000067 seconds.
  path: Assets/Car/textures 2/Materials/F1_Car_Formula_1_Car_BaseColor.mat
  artifactKey: Guid(41ded818c6006314ab24a2448c4af8dc) Importer(815301076,1909f56bfc062723c751e8b465ee728b)
Start importing Assets/Car/textures 2/Materials/F1_Car_Formula_1_Car_BaseColor.mat using Guid(41ded818c6006314ab24a2448c4af8dc) Importer(815301076,1909f56bfc062723c751e8b465ee728b) [PhysX] Initialized MultithreadedTaskDispatcher with 12 workers.
[PhysX] Initialized MultithreadedTaskDispatcher with 12 workers.
 -> (artifact id: 'badd1c54b3052fdb2a00c8fb97f2fdfa') in 0.029540 seconds
Number of updated asset objects reloaded before import = 0
Number of asset objects unloaded after import = 2
========================================================================
Received Import Request.
  Time since last request: 0.000019 seconds.
  path: Assets/Pause Menu Assets/Fonts/exo/Exo-SemiBold.otf
  artifactKey: Guid(21ed684e552874144a29cfac8df646bd) Importer(815301076,1909f56bfc062723c751e8b465ee728b)
Start importing Assets/Pause Menu Assets/Fonts/exo/Exo-SemiBold.otf using Guid(21ed684e552874144a29cfac8df646bd) Importer(815301076,1909f56bfc062723c751e8b465ee728b) [PhysX] Initialized MultithreadedTaskDispatcher with 12 workers.
[PhysX] Initialized MultithreadedTaskDispatcher with 12 workers.
[PhysX] Initialized MultithreadedTaskDispatcher with 12 workers.
 -> (artifact id: 'c04fb3001ac16384391632fb4b609502') in 0.015461 seconds
Number of updated asset objects reloaded before import = 0
Number of asset objects unloaded after import = 4
========================================================================
Received Import Request.
  Time since last request: 0.000024 seconds.
  path: Assets/Photon/PhotonUnityNetworking/Demos/Shared Assets/Skin/Orbitron Black.ttf
  artifactKey: Guid(495c9e2a934bcc640a8d7427b13cb680) Importer(815301076,1909f56bfc062723c751e8b465ee728b)
Start importing Assets/Photon/PhotonUnityNetworking/Demos/Shared Assets/Skin/Orbitron Black.ttf using Guid(495c9e2a934bcc640a8d7427b13cb680) Importer(815301076,1909f56bfc062723c751e8b465ee728b) [PhysX] Initialized MultithreadedTaskDispatcher with 12 workers.
[PhysX] Initialized MultithreadedTaskDispatcher with 12 workers.
[PhysX] Initialized MultithreadedTaskDispatcher with 12 workers.
 -> (artifact id: '18b17cadef0793e8583fbb68f39a5e78') in 0.014409 seconds
Number of updated asset objects reloaded before import = 0
Number of asset objects unloaded after import = 4
========================================================================
Received Import Request.
  Time since last request: 0.000037 seconds.
  path: Assets/Effects/Materials/FireExplosion.mat
  artifactKey: Guid(7a306caa8f9f7ed40a5361ce411cdf1b) Importer(815301076,1909f56bfc062723c751e8b465ee728b)
Start importing Assets/Effects/Materials/FireExplosion.mat using Guid(7a306caa8f9f7ed40a5361ce411cdf1b) Importer(815301076,1909f56bfc062723c751e8b465ee728b) [PhysX] Initialized MultithreadedTaskDispatcher with 12 workers.
[PhysX] Initialized MultithreadedTaskDispatcher with 12 workers.
 -> (artifact id: '41dfd5fa11c1cdaac647610772c47b23') in 0.045648 seconds
Number of updated asset objects reloaded before import = 0
Number of asset objects unloaded after import = 2
========================================================================
Received Import Request.
  Time since last request: 0.000050 seconds.
  path: Assets/Pause Menu Assets/Fonts/exo/Exo-MediumItalic.otf
  artifactKey: Guid(68aa25b87a9267240b50fb2c5ec83bfb) Importer(815301076,1909f56bfc062723c751e8b465ee728b)
Start importing Assets/Pause Menu Assets/Fonts/exo/Exo-MediumItalic.otf using Guid(68aa25b87a9267240b50fb2c5ec83bfb) Importer(815301076,1909f56bfc062723c751e8b465ee728b) [PhysX] Initialized MultithreadedTaskDispatcher with 12 workers.
[PhysX] Initialized MultithreadedTaskDispatcher with 12 workers.
[PhysX] Initialized MultithreadedTaskDispatcher with 12 workers.
 -> (artifact id: '0418fcb076c632740a154f5c75fc0388') in 0.018235 seconds
Number of updated asset objects reloaded before import = 0
Number of asset objects unloaded after import = 4
========================================================================
Received Import Request.
  Time since last request: 0.000017 seconds.
  path: Assets/Effects/Materials/EnergyExplosion.mat
  artifactKey: Guid(bf88af72084132746823869f28b070f8) Importer(815301076,1909f56bfc062723c751e8b465ee728b)
Start importing Assets/Effects/Materials/EnergyExplosion.mat using Guid(bf88af72084132746823869f28b070f8) Importer(815301076,1909f56bfc062723c751e8b465ee728b) [PhysX] Initialized MultithreadedTaskDispatcher with 12 workers.
[PhysX] Initialized MultithreadedTaskDispatcher with 12 workers.
 -> (artifact id: '94de7bb2dcda791ee457cc1211984bac') in 0.075000 seconds
Number of updated asset objects reloaded before import = 0
Number of asset objects unloaded after import = 4
========================================================================
Received Import Request.
  Time since last request: 0.000035 seconds.
  path: Assets/Sibl/Materials/Factory_Catwalk_Bg.mat
  artifactKey: Guid(847f8874f1e466347b40ff36e580b491) Importer(815301076,1909f56bfc062723c751e8b465ee728b)
Start importing Assets/Sibl/Materials/Factory_Catwalk_Bg.mat using Guid(847f8874f1e466347b40ff36e580b491) Importer(815301076,1909f56bfc062723c751e8b465ee728b) [PhysX] Initialized MultithreadedTaskDispatcher with 12 workers.
[PhysX] Initialized MultithreadedTaskDispatcher with 12 workers.
 -> (artifact id: 'd2bc0a1f914713ba1e36a719373ad569') in 0.084879 seconds
Number of updated asset objects reloaded before import = 0
Number of asset objects unloaded after import = 2
========================================================================
Received Import Request.
  Time since last request: 0.000073 seconds.
  path: Assets/map/AllSkyFree/Epic_GloriousPink/Epic_GloriousPink.mat
  artifactKey: Guid(8b7dd0809c7c6498789fa32a61eaa6cb) Importer(815301076,1909f56bfc062723c751e8b465ee728b)
Start importing Assets/map/AllSkyFree/Epic_GloriousPink/Epic_GloriousPink.mat using Guid(8b7dd0809c7c6498789fa32a61eaa6cb) Importer(815301076,1909f56bfc062723c751e8b465ee728b) [PhysX] Initialized MultithreadedTaskDispatcher with 12 workers.
[PhysX] Initialized MultithreadedTaskDispatcher with 12 workers.
 -> (artifact id: '994161e664afcad33dffa7482b9f33b0') in 0.130014 seconds
Number of updated asset objects reloaded before import = 0
Number of asset objects unloaded after import = 7
========================================================================
Received Import Request.
  Time since last request: 0.000032 seconds.
  path: Assets/Game 2/Car Models/Universal Accessories/Materials/Floor.mat
  artifactKey: Guid(7146415ae79dcb64ca184b86b181cf5b) Importer(815301076,1909f56bfc062723c751e8b465ee728b)
Start importing Assets/Game 2/Car Models/Universal Accessories/Materials/Floor.mat using Guid(7146415ae79dcb64ca184b86b181cf5b) Importer(815301076,1909f56bfc062723c751e8b465ee728b) [PhysX] Initialized MultithreadedTaskDispatcher with 12 workers.
[PhysX] Initialized MultithreadedTaskDispatcher with 12 workers.
 -> (artifact id: '7a6068d06463546f3dc910d7a75a5ef3') in 0.067913 seconds
Number of updated asset objects reloaded before import = 0
Number of asset objects unloaded after import = 3
========================================================================
Received Import Request.
  Time since last request: 0.000048 seconds.
  path: Assets/map/AllSkyFree/Cartoon Base BlueSky/Day_BlueSky_Nothing.mat
  artifactKey: Guid(c56e28e54cac24b04ae3dd957d214534) Importer(815301076,1909f56bfc062723c751e8b465ee728b)
Start importing Assets/map/AllSkyFree/Cartoon Base BlueSky/Day_BlueSky_Nothing.mat using Guid(c56e28e54cac24b04ae3dd957d214534) Importer(815301076,1909f56bfc062723c751e8b465ee728b) [PhysX] Initialized MultithreadedTaskDispatcher with 12 workers.
[PhysX] Initialized MultithreadedTaskDispatcher with 12 workers.
 -> (artifact id: '6c181d657fd6195cd992b04061cdd955') in 0.094456 seconds
Number of updated asset objects reloaded before import = 0
Number of asset objects unloaded after import = 7
========================================================================
Received Import Request.
  Time since last request: 0.000080 seconds.
  path: Assets/Pause Menu Assets/Fonts/open-sans/OpenSans-Light.ttf
  artifactKey: Guid(d9dffe1eb66f6b14b95fdff9609adf7c) Importer(815301076,1909f56bfc062723c751e8b465ee728b)
Start importing Assets/Pause Menu Assets/Fonts/open-sans/OpenSans-Light.ttf using Guid(d9dffe1eb66f6b14b95fdff9609adf7c) Importer(815301076,1909f56bfc062723c751e8b465ee728b) [PhysX] Initialized MultithreadedTaskDispatcher with 12 workers.
[PhysX] Initialized MultithreadedTaskDispatcher with 12 workers.
[PhysX] Initialized MultithreadedTaskDispatcher with 12 workers.
 -> (artifact id: '3d820c9bf616ae6d6f6db8b3a759467d') in 0.013994 seconds
Number of updated asset objects reloaded before import = 0
Number of asset objects unloaded after import = 4
========================================================================
Received Import Request.
  Time since last request: 0.000026 seconds.
  path: Assets/Characters/Materials/driver-RT_Helemt.mat
  artifactKey: Guid(ae753d67b161b9543b57c4db1b24febd) Importer(815301076,1909f56bfc062723c751e8b465ee728b)
Start importing Assets/Characters/Materials/driver-RT_Helemt.mat using Guid(ae753d67b161b9543b57c4db1b24febd) Importer(815301076,1909f56bfc062723c751e8b465ee728b) [PhysX] Initialized MultithreadedTaskDispatcher with 12 workers.
[PhysX] Initialized MultithreadedTaskDispatcher with 12 workers.
 -> (artifact id: 'b1bc836c4066d819e73cc605faffbbf0') in 0.038746 seconds
Number of updated asset objects reloaded before import = 0
Number of asset objects unloaded after import = 2
========================================================================
Received Import Request.
  Time since last request: 0.000021 seconds.
  path: Assets/Sibl/Materials/Factory_Catwalk_2k.mat
  artifactKey: Guid(934038b5c856c754daacf7b08143d8fc) Importer(815301076,1909f56bfc062723c751e8b465ee728b)
Start importing Assets/Sibl/Materials/Factory_Catwalk_2k.mat using Guid(934038b5c856c754daacf7b08143d8fc) Importer(815301076,1909f56bfc062723c751e8b465ee728b) [PhysX] Initialized MultithreadedTaskDispatcher with 12 workers.
[PhysX] Initialized MultithreadedTaskDispatcher with 12 workers.
 -> (artifact id: '2c826f9b28858cbd37180e619b723536') in 0.052574 seconds
Number of updated asset objects reloaded before import = 0
Number of asset objects unloaded after import = 2
========================================================================
Received Import Request.
  Time since last request: 0.000018 seconds.
  path: Assets/Pause Menu Assets/Fonts/open-sans/OpenSans-SemiboldItalic.ttf
  artifactKey: Guid(dbc9dfd0b622eb94daa67af37a3ff648) Importer(815301076,1909f56bfc062723c751e8b465ee728b)
Start importing Assets/Pause Menu Assets/Fonts/open-sans/OpenSans-SemiboldItalic.ttf using Guid(dbc9dfd0b622eb94daa67af37a3ff648) Importer(815301076,1909f56bfc062723c751e8b465ee728b) [PhysX] Initialized MultithreadedTaskDispatcher with 12 workers.
[PhysX] Initialized MultithreadedTaskDispatcher with 12 workers.
[PhysX] Initialized MultithreadedTaskDispatcher with 12 workers.
 -> (artifact id: 'd2236a7a9f6074e81e43660596a93d1b') in 0.014794 seconds
Number of updated asset objects reloaded before import = 0
Number of asset objects unloaded after import = 4
========================================================================
Received Import Request.
  Time since last request: 0.000018 seconds.
  path: Assets/vehicles/bmw 1980/tex/frontLights.mat
  artifactKey: Guid(c6d7b359f9aeb0e42a52cbe7923dac07) Importer(815301076,1909f56bfc062723c751e8b465ee728b)
Start importing Assets/vehicles/bmw 1980/tex/frontLights.mat using Guid(c6d7b359f9aeb0e42a52cbe7923dac07) Importer(815301076,1909f56bfc062723c751e8b465ee728b) [PhysX] Initialized MultithreadedTaskDispatcher with 12 workers.
[PhysX] Initialized MultithreadedTaskDispatcher with 12 workers.
 -> (artifact id: 'cdd705492b7969dc798b2b18041d04c6') in 0.014817 seconds
Number of updated asset objects reloaded before import = 0
Number of asset objects unloaded after import = 1
========================================================================
Received Import Request.
  Time since last request: 0.000026 seconds.
  path: Assets/Game 2/Car Models/Universal Accessories/Materials/Glass.mat
  artifactKey: Guid(e8a457b5122350645b6d8f6da6c792e6) Importer(815301076,1909f56bfc062723c751e8b465ee728b)
Start importing Assets/Game 2/Car Models/Universal Accessories/Materials/Glass.mat using Guid(e8a457b5122350645b6d8f6da6c792e6) Importer(815301076,1909f56bfc062723c751e8b465ee728b) [PhysX] Initialized MultithreadedTaskDispatcher with 12 workers.
[PhysX] Initialized MultithreadedTaskDispatcher with 12 workers.
 -> (artifact id: '79d6a62e7dd2c65161082aff50490863') in 0.015753 seconds
Number of updated asset objects reloaded before import = 0
Number of asset objects unloaded after import = 1
========================================================================
Received Import Request.
  Time since last request: 0.000030 seconds.
  path: Assets/Pause Menu Assets/Fonts/exo/Exo-Thin.otf
  artifactKey: Guid(f81e3c8c31305174e943fa94f644aa95) Importer(815301076,1909f56bfc062723c751e8b465ee728b)
Start importing Assets/Pause Menu Assets/Fonts/exo/Exo-Thin.otf using Guid(f81e3c8c31305174e943fa94f644aa95) Importer(815301076,1909f56bfc062723c751e8b465ee728b) [PhysX] Initialized MultithreadedTaskDispatcher with 12 workers.
[PhysX] Initialized MultithreadedTaskDispatcher with 12 workers.
[PhysX] Initialized MultithreadedTaskDispatcher with 12 workers.
 -> (artifact id: '5eb1f23a610ba90cfaee8bed6a0c1cea') in 0.010929 seconds
Number of updated asset objects reloaded before import = 0
Number of asset objects unloaded after import = 4
========================================================================
Received Import Request.
  Time since last request: 0.000022 seconds.
  path: Assets/Game 2/Car Models/Universal Accessories/Materials/Gloss Black.mat
  artifactKey: Guid(598dc05b91993924597d0839e84d042b) Importer(815301076,1909f56bfc062723c751e8b465ee728b)
Start importing Assets/Game 2/Car Models/Universal Accessories/Materials/Gloss Black.mat using Guid(598dc05b91993924597d0839e84d042b) Importer(815301076,1909f56bfc062723c751e8b465ee728b) [PhysX] Initialized MultithreadedTaskDispatcher with 12 workers.
[PhysX] Initialized MultithreadedTaskDispatcher with 12 workers.
 -> (artifact id: '86c6330b87f5a7ddf466d6d8b7394b21') in 0.015066 seconds
Number of updated asset objects reloaded before import = 0
Number of asset objects unloaded after import = 1
========================================================================
Received Import Request.
  Time since last request: 0.000021 seconds.
  path: Assets/Game 2/Car Models/Universal Accessories/Materials/Gloss Blue.mat
  artifactKey: Guid(d9c9d8ff857d2cf418745e1b569ee90c) Importer(815301076,1909f56bfc062723c751e8b465ee728b)
Start importing Assets/Game 2/Car Models/Universal Accessories/Materials/Gloss Blue.mat using Guid(d9c9d8ff857d2cf418745e1b569ee90c) Importer(815301076,1909f56bfc062723c751e8b465ee728b) [PhysX] Initialized MultithreadedTaskDispatcher with 12 workers.
[PhysX] Initialized MultithreadedTaskDispatcher with 12 workers.
 -> (artifact id: '975496ba7f73dae39810ae0921a72066') in 0.016932 seconds
Number of updated asset objects reloaded before import = 0
Number of asset objects unloaded after import = 1
========================================================================
Received Import Request.
  Time since last request: 0.000029 seconds.
  path: Assets/Game 2/Car Models/Universal Accessories/Materials/Gloss Red.mat
  artifactKey: Guid(0c734397da5cba54286e5bac3fabf64d) Importer(815301076,1909f56bfc062723c751e8b465ee728b)
Start importing Assets/Game 2/Car Models/Universal Accessories/Materials/Gloss Red.mat using Guid(0c734397da5cba54286e5bac3fabf64d) Importer(815301076,1909f56bfc062723c751e8b465ee728b) [PhysX] Initialized MultithreadedTaskDispatcher with 12 workers.
[PhysX] Initialized MultithreadedTaskDispatcher with 12 workers.
 -> (artifact id: '415c89f52a16d526381cfb6a404f0f6e') in 0.023228 seconds
Number of updated asset objects reloaded before import = 0
Number of asset objects unloaded after import = 1
========================================================================
Received Import Request.
  Time since last request: 0.000035 seconds.
  path: Assets/Photon/PhotonUnityNetworking/Demos/Shared Assets/Materials/Gradient.mat
  artifactKey: Guid(32e7ed8e6b80b884bbed8260b788648b) Importer(815301076,1909f56bfc062723c751e8b465ee728b)
Start importing Assets/Photon/PhotonUnityNetworking/Demos/Shared Assets/Materials/Gradient.mat using Guid(32e7ed8e6b80b884bbed8260b788648b) Importer(815301076,1909f56bfc062723c751e8b465ee728b) [PhysX] Initialized MultithreadedTaskDispatcher with 12 workers.
[PhysX] Initialized MultithreadedTaskDispatcher with 12 workers.
 -> (artifact id: '3e42cee3a3d23f26cd69435df2f84fa9') in 0.029923 seconds
Number of updated asset objects reloaded before import = 0
Number of asset objects unloaded after import = 2
========================================================================
Received Import Request.
  Time since last request: 0.000035 seconds.
  path: Assets/Font/edgeracebevel.ttf
  artifactKey: Guid(084143b49d4e3cf48be20d6c538eb566) Importer(815301076,1909f56bfc062723c751e8b465ee728b)
Start importing Assets/Font/edgeracebevel.ttf using Guid(084143b49d4e3cf48be20d6c538eb566) Importer(815301076,1909f56bfc062723c751e8b465ee728b) [PhysX] Initialized MultithreadedTaskDispatcher with 12 workers.
[PhysX] Initialized MultithreadedTaskDispatcher with 12 workers.
[PhysX] Initialized MultithreadedTaskDispatcher with 12 workers.
 -> (artifact id: '9b3a6af7c3a2514a970b4802928018ae') in 0.013782 seconds
Number of updated asset objects reloaded before import = 0
Number of asset objects unloaded after import = 4
========================================================================
Received Import Request.
  Time since last request: 0.000108 seconds.
  path: Assets/Pause Menu Assets/Fonts/exo/Exo-Black.otf
  artifactKey: Guid(1a103c9041c5777488d324da0a88dd88) Importer(815301076,1909f56bfc062723c751e8b465ee728b)
Start importing Assets/Pause Menu Assets/Fonts/exo/Exo-Black.otf using Guid(1a103c9041c5777488d324da0a88dd88) Importer(815301076,1909f56bfc062723c751e8b465ee728b) [PhysX] Initialized MultithreadedTaskDispatcher with 12 workers.
[PhysX] Initialized MultithreadedTaskDispatcher with 12 workers.
[PhysX] Initialized MultithreadedTaskDispatcher with 12 workers.
 -> (artifact id: '8e587ef4c01ff719f8d5d187e964b06a') in 0.016579 seconds
Number of updated asset objects reloaded before import = 0
Number of asset objects unloaded after import = 4
========================================================================
Received Import Request.
  Time since last request: 0.000025 seconds.
  path: Assets/Font/HPSIMPLIFIED_IT.TTF
  artifactKey: Guid(15f3e9105f3edde4eb2a791b5b395acb) Importer(815301076,1909f56bfc062723c751e8b465ee728b)
Start importing Assets/Font/HPSIMPLIFIED_IT.TTF using Guid(15f3e9105f3edde4eb2a791b5b395acb) Importer(815301076,1909f56bfc062723c751e8b465ee728b) [PhysX] Initialized MultithreadedTaskDispatcher with 12 workers.
[PhysX] Initialized MultithreadedTaskDispatcher with 12 workers.
[PhysX] Initialized MultithreadedTaskDispatcher with 12 workers.
 -> (artifact id: '95ea27f4f33c1385835ccc8cc8b056d5') in 0.017619 seconds
Number of updated asset objects reloaded before import = 0
Number of asset objects unloaded after import = 4
========================================================================
Received Import Request.
  Time since last request: 0.000019 seconds.
  path: Assets/Pause Menu Assets/Fonts/open-sans/OpenSans-Semibold.ttf
  artifactKey: Guid(9a34b62571f006740a295949aafc7946) Importer(815301076,1909f56bfc062723c751e8b465ee728b)
Start importing Assets/Pause Menu Assets/Fonts/open-sans/OpenSans-Semibold.ttf using Guid(9a34b62571f006740a295949aafc7946) Importer(815301076,1909f56bfc062723c751e8b465ee728b) [PhysX] Initialized MultithreadedTaskDispatcher with 12 workers.
[PhysX] Initialized MultithreadedTaskDispatcher with 12 workers.
[PhysX] Initialized MultithreadedTaskDispatcher with 12 workers.
 -> (artifact id: '9d31b00e46751e0ec69c03d41a8c2b69') in 0.015218 seconds
Number of updated asset objects reloaded before import = 0
Number of asset objects unloaded after import = 4
========================================================================
Received Import Request.
  Time since last request: 0.000025 seconds.
  path: Assets/map/communityMap/Models 1/tentClosed.fbx
  artifactKey: Guid(736970ca574d57643b2ea1975af4480c) Importer(815301076,1909f56bfc062723c751e8b465ee728b)
Start importing Assets/map/communityMap/Models 1/tentClosed.fbx using Guid(736970ca574d57643b2ea1975af4480c) Importer(815301076,1909f56bfc062723c751e8b465ee728b) [PhysX] Initialized MultithreadedTaskDispatcher with 12 workers.
[PhysX] Initialized MultithreadedTaskDispatcher with 12 workers.
[PhysX] Initialized MultithreadedTaskDispatcher with 12 workers.
[PhysX] Initialized MultithreadedTaskDispatcher with 12 workers.
[PhysX] Initialized MultithreadedTaskDispatcher with 12 workers.
 -> (artifact id: 'd75c79d4ba926002fa13fb7fee31dca4') in 0.038918 seconds
Number of updated asset objects reloaded before import = 0
Number of asset objects unloaded after import = 9
========================================================================
Received Import Request.
  Time since last request: 0.000026 seconds.
  path: Assets/Game 2/Car Models/Universal Accessories/Materials/Gloss Green.mat
  artifactKey: Guid(a883a8f336bb38d438b389133c629a6e) Importer(815301076,1909f56bfc062723c751e8b465ee728b)
Start importing Assets/Game 2/Car Models/Universal Accessories/Materials/Gloss Green.mat using Guid(a883a8f336bb38d438b389133c629a6e) Importer(815301076,1909f56bfc062723c751e8b465ee728b) [PhysX] Initialized MultithreadedTaskDispatcher with 12 workers.
[PhysX] Initialized MultithreadedTaskDispatcher with 12 workers.
 -> (artifact id: '40a670d01af4fed850a00a41d736d039') in 0.025820 seconds
Number of updated asset objects reloaded before import = 0
Number of asset objects unloaded after import = 1
========================================================================
Received Import Request.
  Time since last request: 0.000027 seconds.
  path: Assets/SkySerie Freebie/ExampleScenes/SceneObjects/Full.mat
  artifactKey: Guid(1b27a20a436b4c64b882a6f739bf91de) Importer(815301076,1909f56bfc062723c751e8b465ee728b)
Start importing Assets/SkySerie Freebie/ExampleScenes/SceneObjects/Full.mat using Guid(1b27a20a436b4c64b882a6f739bf91de) Importer(815301076,1909f56bfc062723c751e8b465ee728b) [PhysX] Initialized MultithreadedTaskDispatcher with 12 workers.
[PhysX] Initialized MultithreadedTaskDispatcher with 12 workers.
 -> (artifact id: '1a2ac98baea89abbd35bfbe8b825caac') in 0.025807 seconds
Number of updated asset objects reloaded before import = 0
Number of asset objects unloaded after import = 1
========================================================================
Received Import Request.
  Time since last request: 0.000045 seconds.
  path: Assets/Pause Menu Assets/Fonts/open-sans/OpenSans-ExtraBold.ttf
  artifactKey: Guid(0ca3c2c62c0f5e14e8b4c0186368564f) Importer(815301076,1909f56bfc062723c751e8b465ee728b)
Start importing Assets/Pause Menu Assets/Fonts/open-sans/OpenSans-ExtraBold.ttf using Guid(0ca3c2c62c0f5e14e8b4c0186368564f) Importer(815301076,1909f56bfc062723c751e8b465ee728b) [PhysX] Initialized MultithreadedTaskDispatcher with 12 workers.
[PhysX] Initialized MultithreadedTaskDispatcher with 12 workers.
[PhysX] Initialized MultithreadedTaskDispatcher with 12 workers.
 -> (artifact id: '276f8f5977799fcc37e0d0905b620f8d') in 0.021515 seconds
Number of updated asset objects reloaded before import = 0
Number of asset objects unloaded after import = 4
========================================================================
Received Import Request.
  Time since last request: 0.000019 seconds.
  path: Assets/Game 2/Car Models/Universal Accessories/Materials/Gloss White.mat
  artifactKey: Guid(4d84227238fd1a546b41d557f278c989) Importer(815301076,1909f56bfc062723c751e8b465ee728b)
Start importing Assets/Game 2/Car Models/Universal Accessories/Materials/Gloss White.mat using Guid(4d84227238fd1a546b41d557f278c989) Importer(815301076,1909f56bfc062723c751e8b465ee728b) [PhysX] Initialized MultithreadedTaskDispatcher with 12 workers.
[PhysX] Initialized MultithreadedTaskDispatcher with 12 workers.
 -> (artifact id: 'b6500ae5cea71f5e0bec73fee0db6907') in 0.021426 seconds
Number of updated asset objects reloaded before import = 0
Number of asset objects unloaded after import = 1
========================================================================
Received Import Request.
  Time since last request: 0.000102 seconds.
  path: Assets/Pause Menu Assets/Fonts/exo/Exo-BlackItalic.otf
  artifactKey: Guid(69ae00bef41905541acfde80429381b7) Importer(815301076,1909f56bfc062723c751e8b465ee728b)
Start importing Assets/Pause Menu Assets/Fonts/exo/Exo-BlackItalic.otf using Guid(69ae00bef41905541acfde80429381b7) Importer(815301076,1909f56bfc062723c751e8b465ee728b) [PhysX] Initialized MultithreadedTaskDispatcher with 12 workers.
[PhysX] Initialized MultithreadedTaskDispatcher with 12 workers.
[PhysX] Initialized MultithreadedTaskDispatcher with 12 workers.
 -> (artifact id: '9423f88eedf541dc78aefe005c4941de') in 0.032435 seconds
Number of updated asset objects reloaded before import = 0
Number of asset objects unloaded after import = 4
========================================================================
Received Import Request.
  Time since last request: 0.000129 seconds.
  path: Assets/map/communityMap/Models 1/roadRamp.fbx
  artifactKey: Guid(fdae9058e7529a841bb5dc7ec2cb7ea2) Importer(815301076,1909f56bfc062723c751e8b465ee728b)
Start importing Assets/map/communityMap/Models 1/roadRamp.fbx using Guid(fdae9058e7529a841bb5dc7ec2cb7ea2) Importer(815301076,1909f56bfc062723c751e8b465ee728b) [PhysX] Initialized MultithreadedTaskDispatcher with 12 workers.
[PhysX] Initialized MultithreadedTaskDispatcher with 12 workers.
[PhysX] Initialized MultithreadedTaskDispatcher with 12 workers.
[PhysX] Initialized MultithreadedTaskDispatcher with 12 workers.
[PhysX] Initialized MultithreadedTaskDispatcher with 12 workers.
[PhysX] Initialized MultithreadedTaskDispatcher with 12 workers.
 -> (artifact id: 'ab209af56424eddd0afcaaf09874f7f5') in 0.047550 seconds
Number of updated asset objects reloaded before import = 0
Number of asset objects unloaded after import = 10
========================================================================
Received Import Request.
  Time since last request: 0.000023 seconds.
  path: Assets/Font/HPSIMPLIFIED_LTIT.TTF
  artifactKey: Guid(c1588e681625e9242a87440fbc610b0b) Importer(815301076,1909f56bfc062723c751e8b465ee728b)
Start importing Assets/Font/HPSIMPLIFIED_LTIT.TTF using Guid(c1588e681625e9242a87440fbc610b0b) Importer(815301076,1909f56bfc062723c751e8b465ee728b) [PhysX] Initialized MultithreadedTaskDispatcher with 12 workers.
[PhysX] Initialized MultithreadedTaskDispatcher with 12 workers.
[PhysX] Initialized MultithreadedTaskDispatcher with 12 workers.
 -> (artifact id: '26c0b5a8865a1835b424b52373f249f5') in 0.014575 seconds
Number of updated asset objects reloaded before import = 0
Number of asset objects unloaded after import = 4
========================================================================
Received Import Request.
  Time since last request: 0.000099 seconds.
  path: Assets/map/communityMap/Models 1/pitsOfficeCorner.fbx
  artifactKey: Guid(c19b0a5ff43c4c84a9ea459bffadd631) Importer(815301076,1909f56bfc062723c751e8b465ee728b)
Start importing Assets/map/communityMap/Models 1/pitsOfficeCorner.fbx using Guid(c19b0a5ff43c4c84a9ea459bffadd631) Importer(815301076,1909f56bfc062723c751e8b465ee728b) [PhysX] Initialized MultithreadedTaskDispatcher with 12 workers.
[PhysX] Initialized MultithreadedTaskDispatcher with 12 workers.
[PhysX] Initialized MultithreadedTaskDispatcher with 12 workers.
[PhysX] Initialized MultithreadedTaskDispatcher with 12 workers.
[PhysX] Initialized MultithreadedTaskDispatcher with 12 workers.
[PhysX] Initialized MultithreadedTaskDispatcher with 12 workers.
 -> (artifact id: '891246ada0797e65e4a00182624d78a1') in 0.042488 seconds
Number of updated asset objects reloaded before import = 0
Number of asset objects unloaded after import = 10
========================================================================
Received Import Request.
  Time since last request: 0.000027 seconds.
  path: Assets/Pause Menu Assets/Fonts/exo/Exo-ExtraLight.otf
  artifactKey: Guid(398cd3677c55f194785d8abdaa034e13) Importer(815301076,1909f56bfc062723c751e8b465ee728b)
Start importing Assets/Pause Menu Assets/Fonts/exo/Exo-ExtraLight.otf using Guid(398cd3677c55f194785d8abdaa034e13) Importer(815301076,1909f56bfc062723c751e8b465ee728b) [PhysX] Initialized MultithreadedTaskDispatcher with 12 workers.
[PhysX] Initialized MultithreadedTaskDispatcher with 12 workers.
[PhysX] Initialized MultithreadedTaskDispatcher with 12 workers.
 -> (artifact id: 'c644e296e7ad9f6345e8b23f5555e320') in 0.019571 seconds
Number of updated asset objects reloaded before import = 0
Number of asset objects unloaded after import = 4
========================================================================
Received Import Request.
  Time since last request: 0.000025 seconds.
  path: Assets/Font/HPSIMPLIFIED_RG.TTF
  artifactKey: Guid(4ac2e2bb3ecac9b4e82e07865d817804) Importer(815301076,1909f56bfc062723c751e8b465ee728b)
Start importing Assets/Font/HPSIMPLIFIED_RG.TTF using Guid(4ac2e2bb3ecac9b4e82e07865d817804) Importer(815301076,1909f56bfc062723c751e8b465ee728b) [PhysX] Initialized MultithreadedTaskDispatcher with 12 workers.
[PhysX] Initialized MultithreadedTaskDispatcher with 12 workers.
[PhysX] Initialized MultithreadedTaskDispatcher with 12 workers.
 -> (artifact id: '79acf9cceaaab56d95f82b11a0ea81c8') in 0.016443 seconds
Number of updated asset objects reloaded before import = 0
Number of asset objects unloaded after import = 4
========================================================================
Received Import Request.
  Time since last request: 0.000029 seconds.
  path: Assets/map/communityMap/Models 1/roadSplitSmall.fbx
  artifactKey: Guid(3d5603f1033232648a4f06c4dad0e4e4) Importer(815301076,1909f56bfc062723c751e8b465ee728b)
Start importing Assets/map/communityMap/Models 1/roadSplitSmall.fbx using Guid(3d5603f1033232648a4f06c4dad0e4e4) Importer(815301076,1909f56bfc062723c751e8b465ee728b) [PhysX] Initialized MultithreadedTaskDispatcher with 12 workers.
[PhysX] Initialized MultithreadedTaskDispatcher with 12 workers.
[PhysX] Initialized MultithreadedTaskDispatcher with 12 workers.
[PhysX] Initialized MultithreadedTaskDispatcher with 12 workers.
[PhysX] Initialized MultithreadedTaskDispatcher with 12 workers.
[PhysX] Initialized MultithreadedTaskDispatcher with 12 workers.
 -> (artifact id: 'ade743ee5836211e6c49397a1025cbcb') in 0.054736 seconds
Number of updated asset objects reloaded before import = 0
Number of asset objects unloaded after import = 10
========================================================================
Received Import Request.
  Time since last request: 0.000038 seconds.
  path: Assets/Pause Menu Assets/Fonts/open-sans/OpenSans-Regular.ttf
  artifactKey: Guid(f67bd30f338f33a46b83b4ab9a8d5e51) Importer(815301076,1909f56bfc062723c751e8b465ee728b)
Start importing Assets/Pause Menu Assets/Fonts/open-sans/OpenSans-Regular.ttf using Guid(f67bd30f338f33a46b83b4ab9a8d5e51) Importer(815301076,1909f56bfc062723c751e8b465ee728b) [PhysX] Initialized MultithreadedTaskDispatcher with 12 workers.
[PhysX] Initialized MultithreadedTaskDispatcher with 12 workers.
[PhysX] Initialized MultithreadedTaskDispatcher with 12 workers.
 -> (artifact id: '6d73e3ca7e999322b87a3430e5ed3e5b') in 0.016492 seconds
Number of updated asset objects reloaded before import = 0
Number of asset objects unloaded after import = 4
========================================================================
Received Import Request.
  Time since last request: 0.000035 seconds.
  path: Assets/map/communityMap/Models 1/tentRoof.fbx
  artifactKey: Guid(ff50a911e4a4cc04c8e45cf098e0a216) Importer(815301076,1909f56bfc062723c751e8b465ee728b)
Start importing Assets/map/communityMap/Models 1/tentRoof.fbx using Guid(ff50a911e4a4cc04c8e45cf098e0a216) Importer(815301076,1909f56bfc062723c751e8b465ee728b) [PhysX] Initialized MultithreadedTaskDispatcher with 12 workers.
[PhysX] Initialized MultithreadedTaskDispatcher with 12 workers.
[PhysX] Initialized MultithreadedTaskDispatcher with 12 workers.
[PhysX] Initialized MultithreadedTaskDispatcher with 12 workers.
[PhysX] Initialized MultithreadedTaskDispatcher with 12 workers.
 -> (artifact id: '22b4caac379e89eb22d0152e95ebcb5e') in 0.045505 seconds
Number of updated asset objects reloaded before import = 0
Number of asset objects unloaded after import = 9
========================================================================
Received Import Request.
  Time since last request: 0.000078 seconds.
  path: Assets/Font/HPSIMPLIFIED_LT.TTF
  artifactKey: Guid(96649e9e24dd0814c826ee9755881e83) Importer(815301076,1909f56bfc062723c751e8b465ee728b)
Start importing Assets/Font/HPSIMPLIFIED_LT.TTF using Guid(96649e9e24dd0814c826ee9755881e83) Importer(815301076,1909f56bfc062723c751e8b465ee728b) [PhysX] Initialized MultithreadedTaskDispatcher with 12 workers.
[PhysX] Initialized MultithreadedTaskDispatcher with 12 workers.
[PhysX] Initialized MultithreadedTaskDispatcher with 12 workers.
 -> (artifact id: '5aa4cda84b97b4d37c09008f0e33c084') in 0.014547 seconds
Number of updated asset objects reloaded before import = 0
Number of asset objects unloaded after import = 4
========================================================================
Received Import Request.
  Time since last request: 0.000043 seconds.
  path: Assets/Pause Menu Assets/Fonts/exo/Exo-Regular.otf
  artifactKey: Guid(ac36647a83f68474cbe6ab7d61dad086) Importer(815301076,1909f56bfc062723c751e8b465ee728b)
Start importing Assets/Pause Menu Assets/Fonts/exo/Exo-Regular.otf using Guid(ac36647a83f68474cbe6ab7d61dad086) Importer(815301076,1909f56bfc062723c751e8b465ee728b) [PhysX] Initialized MultithreadedTaskDispatcher with 12 workers.
[PhysX] Initialized MultithreadedTaskDispatcher with 12 workers.
[PhysX] Initialized MultithreadedTaskDispatcher with 12 workers.
 -> (artifact id: 'd86763ab3e846b89e505a030187fe2b5') in 0.016057 seconds
Number of updated asset objects reloaded before import = 0
Number of asset objects unloaded after import = 4
========================================================================
Received Import Request.
  Time since last request: 0.000041 seconds.
  path: Assets/Pause Menu Assets/Fonts/exo/Exo-BoldItalic.otf
  artifactKey: Guid(f48554fd7d055d24a9035c9ea09db4e5) Importer(815301076,1909f56bfc062723c751e8b465ee728b)
Start importing Assets/Pause Menu Assets/Fonts/exo/Exo-BoldItalic.otf using Guid(f48554fd7d055d24a9035c9ea09db4e5) Importer(815301076,1909f56bfc062723c751e8b465ee728b) [PhysX] Initialized MultithreadedTaskDispatcher with 12 workers.
[PhysX] Initialized MultithreadedTaskDispatcher with 12 workers.
[PhysX] Initialized MultithreadedTaskDispatcher with 12 workers.
 -> (artifact id: '3e2be1e2af68686be0cdde625737aad8') in 0.017182 seconds
Number of updated asset objects reloaded before import = 0
Number of asset objects unloaded after import = 4
========================================================================
Received Import Request.
  Time since last request: 0.000027 seconds.
  path: Assets/Font/HPSIMPLIFIED_BDIT.TTF
  artifactKey: Guid(c71eba736d5740248b23ff3ffb648e4e) Importer(815301076,1909f56bfc062723c751e8b465ee728b)
Start importing Assets/Font/HPSIMPLIFIED_BDIT.TTF using Guid(c71eba736d5740248b23ff3ffb648e4e) Importer(815301076,1909f56bfc062723c751e8b465ee728b) [PhysX] Initialized MultithreadedTaskDispatcher with 12 workers.
[PhysX] Initialized MultithreadedTaskDispatcher with 12 workers.
[PhysX] Initialized MultithreadedTaskDispatcher with 12 workers.
 -> (artifact id: '24406634c3f33a1fa3e54cdf85605e56') in 0.015625 seconds
Number of updated asset objects reloaded before import = 0
Number of asset objects unloaded after import = 4
========================================================================
Received Import Request.
  Time since last request: 0.000070 seconds.
  path: Assets/map/communityMap/Models 1/roadBump.fbx
  artifactKey: Guid(55f42c9dfe97d8c48abb963838fce916) Importer(815301076,1909f56bfc062723c751e8b465ee728b)
Start importing Assets/map/communityMap/Models 1/roadBump.fbx using Guid(55f42c9dfe97d8c48abb963838fce916) Importer(815301076,1909f56bfc062723c751e8b465ee728b) [PhysX] Initialized MultithreadedTaskDispatcher with 12 workers.
[PhysX] Initialized MultithreadedTaskDispatcher with 12 workers.
[PhysX] Initialized MultithreadedTaskDispatcher with 12 workers.
[PhysX] Initialized MultithreadedTaskDispatcher with 12 workers.
[PhysX] Initialized MultithreadedTaskDispatcher with 12 workers.
[PhysX] Initialized MultithreadedTaskDispatcher with 12 workers.
 -> (artifact id: '55508f6bf666a1ce5c6f7786c0c06936') in 0.053188 seconds
Number of updated asset objects reloaded before import = 0
Number of asset objects unloaded after import = 10
========================================================================
Received Import Request.
  Time since last request: 0.000026 seconds.
  path: Assets/map/communityMap/materials/Vehicles/Glass.mat
  artifactKey: Guid(c6149a582aab26c41acb68a6a6855771) Importer(815301076,1909f56bfc062723c751e8b465ee728b)
Start importing Assets/map/communityMap/materials/Vehicles/Glass.mat using Guid(c6149a582aab26c41acb68a6a6855771) Importer(815301076,1909f56bfc062723c751e8b465ee728b) [PhysX] Initialized MultithreadedTaskDispatcher with 12 workers.
[PhysX] Initialized MultithreadedTaskDispatcher with 12 workers.
 -> (artifact id: '49ac3e4c10f670ebd01f511c4a53013a') in 0.031236 seconds
Number of updated asset objects reloaded before import = 0
Number of asset objects unloaded after import = 1
========================================================================
Received Import Request.
  Time since last request: 0.000174 seconds.
  path: Assets/Plugins/SimpleInput/Example/GlassesMat.mat
  artifactKey: Guid(5c7644bbe440b054580b36911866efee) Importer(815301076,1909f56bfc062723c751e8b465ee728b)
Start importing Assets/Plugins/SimpleInput/Example/GlassesMat.mat using Guid(5c7644bbe440b054580b36911866efee) Importer(815301076,1909f56bfc062723c751e8b465ee728b) [PhysX] Initialized MultithreadedTaskDispatcher with 12 workers.
[PhysX] Initialized MultithreadedTaskDispatcher with 12 workers.
 -> (artifact id: '1a0988c9d8b3bb439a6d6fded01ff64e') in 0.029085 seconds
Number of updated asset objects reloaded before import = 0
Number of asset objects unloaded after import = 1
========================================================================
Received Import Request.
  Time since last request: 0.000054 seconds.
  path: Assets/Pause Menu Assets/Fonts/exo/Exo-Italic.otf
  artifactKey: Guid(22510ab1ef1684e4c8ca14fb22ca46ab) Importer(815301076,1909f56bfc062723c751e8b465ee728b)
Start importing Assets/Pause Menu Assets/Fonts/exo/Exo-Italic.otf using Guid(22510ab1ef1684e4c8ca14fb22ca46ab) Importer(815301076,1909f56bfc062723c751e8b465ee728b) [PhysX] Initialized MultithreadedTaskDispatcher with 12 workers.
[PhysX] Initialized MultithreadedTaskDispatcher with 12 workers.
[PhysX] Initialized MultithreadedTaskDispatcher with 12 workers.
 -> (artifact id: '7bdea59a0a8f1123fd1f8f314ed1c878') in 0.017557 seconds
Number of updated asset objects reloaded before import = 0
Number of asset objects unloaded after import = 4
========================================================================
Received Import Request.
  Time since last request: 0.000099 seconds.
  path: Assets/Photon/PhotonUnityNetworking/Demos/Shared Assets/Skin/Jura-Medium.ttf
  artifactKey: Guid(e00995507c2406448b4c8429136104dd) Importer(815301076,1909f56bfc062723c751e8b465ee728b)
Start importing Assets/Photon/PhotonUnityNetworking/Demos/Shared Assets/Skin/Jura-Medium.ttf using Guid(e00995507c2406448b4c8429136104dd) Importer(815301076,1909f56bfc062723c751e8b465ee728b) [PhysX] Initialized MultithreadedTaskDispatcher with 12 workers.
[PhysX] Initialized MultithreadedTaskDispatcher with 12 workers.
[PhysX] Initialized MultithreadedTaskDispatcher with 12 workers.
 -> (artifact id: '0a4c8fe847f9fec469e7ac5471c53c85') in 0.022367 seconds
Number of updated asset objects reloaded before import = 0
Number of asset objects unloaded after import = 4
========================================================================
Received Import Request.
  Time since last request: 0.000037 seconds.
  path: Assets/Sibl/Materials/defaultMat.mat
  artifactKey: Guid(c0e1ffc2f8c3f6743b152f048d636dad) Importer(815301076,1909f56bfc062723c751e8b465ee728b)
Start importing Assets/Sibl/Materials/defaultMat.mat using Guid(c0e1ffc2f8c3f6743b152f048d636dad) Importer(815301076,1909f56bfc062723c751e8b465ee728b) [PhysX] Initialized MultithreadedTaskDispatcher with 12 workers.
[PhysX] Initialized MultithreadedTaskDispatcher with 12 workers.
 -> (artifact id: '782b5e986c6f8296a4188d4d945b0658') in 0.028814 seconds
Number of updated asset objects reloaded before import = 0
Number of asset objects unloaded after import = 1
========================================================================
Received Import Request.
  Time since last request: 5.806278 seconds.
  path: Assets/Car/SDC F1 SKETCHFAB.fbx
  artifactKey: Guid(04cd1dd5b9099d04bb841280e80ff1aa) Importer(815301076,1909f56bfc062723c751e8b465ee728b)
Start importing Assets/Car/SDC F1 SKETCHFAB.fbx using Guid(04cd1dd5b9099d04bb841280e80ff1aa) Importer(815301076,1909f56bfc062723c751e8b465ee728b) [PhysX] Initialized MultithreadedTaskDispatcher with 12 workers.
[PhysX] Initialized MultithreadedTaskDispatcher with 12 workers.
[PhysX] Initialized MultithreadedTaskDispatcher with 12 workers.
[PhysX] Initialized MultithreadedTaskDispatcher with 12 workers.
[PhysX] Initialized MultithreadedTaskDispatcher with 12 workers.
[PhysX] Initialized MultithreadedTaskDispatcher with 12 workers.
[PhysX] Initialized MultithreadedTaskDispatcher with 12 workers.
[PhysX] Initialized MultithreadedTaskDispatcher with 12 workers.
[PhysX] Initialized MultithreadedTaskDispatcher with 12 workers.
[PhysX] Initialized MultithreadedTaskDispatcher with 12 workers.
[PhysX] Initialized MultithreadedTaskDispatcher with 12 workers.
[PhysX] Initialized MultithreadedTaskDispatcher with 12 workers.
[PhysX] Initialized MultithreadedTaskDispatcher with 12 workers.
[PhysX] Initialized MultithreadedTaskDispatcher with 12 workers.
[PhysX] Initialized MultithreadedTaskDispatcher with 12 workers.
[PhysX] Initialized MultithreadedTaskDispatcher with 12 workers.
[PhysX] Initialized MultithreadedTaskDispatcher with 12 workers.
[PhysX] Initialized MultithreadedTaskDispatcher with 12 workers.
[PhysX] Initialized MultithreadedTaskDispatcher with 12 workers.
[PhysX] Initialized MultithreadedTaskDispatcher with 12 workers.
[PhysX] Initialized MultithreadedTaskDispatcher with 12 workers.
 -> (artifact id: '04c5b0b3d604e14bd15013389e6b3258') in 0.162578 seconds
Number of updated asset objects reloaded before import = 0
Number of asset objects unloaded after import = 34
========================================================================
Received Import Request.
  Time since last request: 3.169979 seconds.
  path: Assets/Car/models/Materials/jeep_4.mat
  artifactKey: Guid(4b8b713dbb3d0e24cb04de86ef599da6) Importer(815301076,1909f56bfc062723c751e8b465ee728b)
Start importing Assets/Car/models/Materials/jeep_4.mat using Guid(4b8b713dbb3d0e24cb04de86ef599da6) Importer(815301076,1909f56bfc062723c751e8b465ee728b) [PhysX] Initialized MultithreadedTaskDispatcher with 12 workers.
[PhysX] Initialized MultithreadedTaskDispatcher with 12 workers.
 -> (artifact id: '2e325e226e5f8dc8ab9fa337eed9a09b') in 0.037108 seconds
Number of updated asset objects reloaded before import = 0
Number of asset objects unloaded after import = 2
========================================================================
Received Import Request.
  Time since last request: 0.000015 seconds.
  path: Assets/Game 1/#Props/Racetrack/jump1.obj
  artifactKey: Guid(c09a44fcf6daeba448ecee8d433ce204) Importer(815301076,1909f56bfc062723c751e8b465ee728b)
Start importing Assets/Game 1/#Props/Racetrack/jump1.obj using Guid(c09a44fcf6daeba448ecee8d433ce204) Importer(815301076,1909f56bfc062723c751e8b465ee728b) [PhysX] Initialized MultithreadedTaskDispatcher with 12 workers.
[PhysX] Initialized MultithreadedTaskDispatcher with 12 workers.
[PhysX] Initialized MultithreadedTaskDispatcher with 12 workers.
[PhysX] Initialized MultithreadedTaskDispatcher with 12 workers.
[PhysX] Initialized MultithreadedTaskDispatcher with 12 workers.
[PhysX] Initialized MultithreadedTaskDispatcher with 12 workers.
[PhysX] Initialized MultithreadedTaskDispatcher with 12 workers.
[PhysX] Initialized MultithreadedTaskDispatcher with 12 workers.
[PhysX] Initialized MultithreadedTaskDispatcher with 12 workers.
[PhysX] Initialized MultithreadedTaskDispatcher with 12 workers.
[PhysX] Initialized MultithreadedTaskDispatcher with 12 workers.
[PhysX] Initialized MultithreadedTaskDispatcher with 12 workers.
[PhysX] Initialized MultithreadedTaskDispatcher with 12 workers.
[PhysX] Initialized MultithreadedTaskDispatcher with 12 workers.
[PhysX] Initialized MultithreadedTaskDispatcher with 12 workers.
[PhysX] Initialized MultithreadedTaskDispatcher with 12 workers.
[PhysX] Initialized MultithreadedTaskDispatcher with 12 workers.
[PhysX] Initialized MultithreadedTaskDispatcher with 12 workers.
[PhysX] Initialized MultithreadedTaskDispatcher with 12 workers.
[PhysX] Initialized MultithreadedTaskDispatcher with 12 workers.
[PhysX] Initialized MultithreadedTaskDispatcher with 12 workers.
[PhysX] Initialized MultithreadedTaskDispatcher with 12 workers.
[PhysX] Initialized MultithreadedTaskDispatcher with 12 workers.
 -> (artifact id: 'fc741727c0ec40fd20739568da725a7b') in 0.125390 seconds
Number of updated asset objects reloaded before import = 0
Number of asset objects unloaded after import = 46
========================================================================
Received Import Request.
  Time since last request: 0.000029 seconds.
  path: Assets/Car/Materials/rc-14-Material #444.mat
  artifactKey: Guid(4cfa59d7c27d0ff40924642259b8665b) Importer(815301076,1909f56bfc062723c751e8b465ee728b)
Start importing Assets/Car/Materials/rc-14-Material #444.mat using Guid(4cfa59d7c27d0ff40924642259b8665b) Importer(815301076,1909f56bfc062723c751e8b465ee728b) [PhysX] Initialized MultithreadedTaskDispatcher with 12 workers.
[PhysX] Initialized MultithreadedTaskDispatcher with 12 workers.
 -> (artifact id: '3275a022196526d9d55121390d03edc9') in 0.015682 seconds
Number of updated asset objects reloaded before import = 0
Number of asset objects unloaded after import = 1
========================================================================
Received Import Request.
  Time since last request: 0.000034 seconds.
  path: Assets/Game 1/#Props/Racetrack/ramp1.obj
  artifactKey: Guid(d36c36bf5a0bfb143877efdb152a7eb6) Importer(815301076,1909f56bfc062723c751e8b465ee728b)
Start importing Assets/Game 1/#Props/Racetrack/ramp1.obj using Guid(d36c36bf5a0bfb143877efdb152a7eb6) Importer(815301076,1909f56bfc062723c751e8b465ee728b) [PhysX] Initialized MultithreadedTaskDispatcher with 12 workers.
[PhysX] Initialized MultithreadedTaskDispatcher with 12 workers.
[PhysX] Initialized MultithreadedTaskDispatcher with 12 workers.
[PhysX] Initialized MultithreadedTaskDispatcher with 12 workers.
[PhysX] Initialized MultithreadedTaskDispatcher with 12 workers.
[PhysX] Initialized MultithreadedTaskDispatcher with 12 workers.
[PhysX] Initialized MultithreadedTaskDispatcher with 12 workers.
[PhysX] Initialized MultithreadedTaskDispatcher with 12 workers.
[PhysX] Initialized MultithreadedTaskDispatcher with 12 workers.
[PhysX] Initialized MultithreadedTaskDispatcher with 12 workers.
[PhysX] Initialized MultithreadedTaskDispatcher with 12 workers.
[PhysX] Initialized MultithreadedTaskDispatcher with 12 workers.
[PhysX] Initialized MultithreadedTaskDispatcher with 12 workers.
[PhysX] Initialized MultithreadedTaskDispatcher with 12 workers.
[PhysX] Initialized MultithreadedTaskDispatcher with 12 workers.
[PhysX] Initialized MultithreadedTaskDispatcher with 12 workers.
[PhysX] Initialized MultithreadedTaskDispatcher with 12 workers.
[PhysX] Initialized MultithreadedTaskDispatcher with 12 workers.
[PhysX] Initialized MultithreadedTaskDispatcher with 12 workers.
[PhysX] Initialized MultithreadedTaskDispatcher with 12 workers.
[PhysX] Initialized MultithreadedTaskDispatcher with 12 workers.
[PhysX] Initialized MultithreadedTaskDispatcher with 12 workers.
[PhysX] Initialized MultithreadedTaskDispatcher with 12 workers.
 -> (artifact id: 'b31a72ec2e9a4a121d068977dcfa479a') in 0.157906 seconds
Number of updated asset objects reloaded before import = 0
Number of asset objects unloaded after import = 46
========================================================================
Received Import Request.
  Time since last request: 0.000071 seconds.
  path: Assets/Game 1/#Props/Racetrack/jump2.obj
  artifactKey: Guid(efd092e1e63423447b74ac2b9882ba84) Importer(815301076,1909f56bfc062723c751e8b465ee728b)
Start importing Assets/Game 1/#Props/Racetrack/jump2.obj using Guid(efd092e1e63423447b74ac2b9882ba84) Importer(815301076,1909f56bfc062723c751e8b465ee728b) [PhysX] Initialized MultithreadedTaskDispatcher with 12 workers.
[PhysX] Initialized MultithreadedTaskDispatcher with 12 workers.
[PhysX] Initialized MultithreadedTaskDispatcher with 12 workers.
[PhysX] Initialized MultithreadedTaskDispatcher with 12 workers.
[PhysX] Initialized MultithreadedTaskDispatcher with 12 workers.
[PhysX] Initialized MultithreadedTaskDispatcher with 12 workers.
[PhysX] Initialized MultithreadedTaskDispatcher with 12 workers.
[PhysX] Initialized MultithreadedTaskDispatcher with 12 workers.
[PhysX] Initialized MultithreadedTaskDispatcher with 12 workers.
[PhysX] Initialized MultithreadedTaskDispatcher with 12 workers.
[PhysX] Initialized MultithreadedTaskDispatcher with 12 workers.
[PhysX] Initialized MultithreadedTaskDispatcher with 12 workers.
[PhysX] Initialized MultithreadedTaskDispatcher with 12 workers.
[PhysX] Initialized MultithreadedTaskDispatcher with 12 workers.
 -> (artifact id: 'cb8668b7597ff4efb9eff5e77fc32b0a') in 0.106548 seconds
Number of updated asset objects reloaded before import = 0
Number of asset objects unloaded after import = 28
========================================================================
Received Import Request.
  Time since last request: 0.000021 seconds.
  path: Assets/Game 1/#Props/Racetrack/runoff_transition2.obj
  artifactKey: Guid(88f6e71675161294388f1eb22e8fc212) Importer(815301076,1909f56bfc062723c751e8b465ee728b)
Start importing Assets/Game 1/#Props/Racetrack/runoff_transition2.obj using Guid(88f6e71675161294388f1eb22e8fc212) Importer(815301076,1909f56bfc062723c751e8b465ee728b) [PhysX] Initialized MultithreadedTaskDispatcher with 12 workers.
[PhysX] Initialized MultithreadedTaskDispatcher with 12 workers.
[PhysX] Initialized MultithreadedTaskDispatcher with 12 workers.
[PhysX] Initialized MultithreadedTaskDispatcher with 12 workers.
[PhysX] Initialized MultithreadedTaskDispatcher with 12 workers.
[PhysX] Initialized MultithreadedTaskDispatcher with 12 workers.
[PhysX] Initialized MultithreadedTaskDispatcher with 12 workers.
[PhysX] Initialized MultithreadedTaskDispatcher with 12 workers.
[PhysX] Initialized MultithreadedTaskDispatcher with 12 workers.
[PhysX] Initialized MultithreadedTaskDispatcher with 12 workers.
[PhysX] Initialized MultithreadedTaskDispatcher with 12 workers.
[PhysX] Initialized MultithreadedTaskDispatcher with 12 workers.
[PhysX] Initialized MultithreadedTaskDispatcher with 12 workers.
[PhysX] Initialized MultithreadedTaskDispatcher with 12 workers.
 -> (artifact id: 'd955dc382313bddb28c613dc26468dc3') in 0.097461 seconds
Number of updated asset objects reloaded before import = 0
Number of asset objects unloaded after import = 28
========================================================================
Received Import Request.
  Time since last request: 0.000047 seconds.
  path: Assets/Car/Materials/Materials/Materials/rc14_3.mat
  artifactKey: Guid(c3515b0775655ae4c8bcff456a919070) Importer(815301076,1909f56bfc062723c751e8b465ee728b)
Start importing Assets/Car/Materials/Materials/Materials/rc14_3.mat using Guid(c3515b0775655ae4c8bcff456a919070) Importer(815301076,1909f56bfc062723c751e8b465ee728b) [PhysX] Initialized MultithreadedTaskDispatcher with 12 workers.
[PhysX] Initialized MultithreadedTaskDispatcher with 12 workers.
 -> (artifact id: '65745319987415e344ed06bd7193aaf2') in 0.041120 seconds
Number of updated asset objects reloaded before import = 0
Number of asset objects unloaded after import = 2
========================================================================
Received Import Request.
  Time since last request: 16.879176 seconds.
  path: Assets/Car/2041104.png
  artifactKey: Guid(f2dc2353a28e95c4586e53689509faac) Importer(815301076,1909f56bfc062723c751e8b465ee728b)
Start importing Assets/Car/2041104.png using Guid(f2dc2353a28e95c4586e53689509faac) Importer(815301076,1909f56bfc062723c751e8b465ee728b) [PhysX] Initialized MultithreadedTaskDispatcher with 12 workers.
[PhysX] Initialized MultithreadedTaskDispatcher with 12 workers.
 -> (artifact id: 'cf861231f507c7de37039cb23cf7c864') in 0.029541 seconds
Number of updated asset objects reloaded before import = 0
Number of asset objects unloaded after import = 3
========================================================================
Received Import Request.
  Time since last request: 0.000020 seconds.
  path: Assets/Car/FE_Lowpoly.fbx
  artifactKey: Guid(0f5f1a489bd842e42a72361351ae4609) Importer(815301076,1909f56bfc062723c751e8b465ee728b)
Start importing Assets/Car/FE_Lowpoly.fbx using Guid(0f5f1a489bd842e42a72361351ae4609) Importer(815301076,1909f56bfc062723c751e8b465ee728b) [PhysX] Initialized MultithreadedTaskDispatcher with 12 workers.
[PhysX] Initialized MultithreadedTaskDispatcher with 12 workers.
[PhysX] Initialized MultithreadedTaskDispatcher with 12 workers.
[PhysX] Initialized MultithreadedTaskDispatcher with 12 workers.
[PhysX] Initialized MultithreadedTaskDispatcher with 12 workers.
[PhysX] Initialized MultithreadedTaskDispatcher with 12 workers.
[PhysX] Initialized MultithreadedTaskDispatcher with 12 workers.
[PhysX] Initialized MultithreadedTaskDispatcher with 12 workers.
[PhysX] Initialized MultithreadedTaskDispatcher with 12 workers.
[PhysX] Initialized MultithreadedTaskDispatcher with 12 workers.
[PhysX] Initialized MultithreadedTaskDispatcher with 12 workers.
[PhysX] Initialized MultithreadedTaskDispatcher with 12 workers.
[PhysX] Initialized MultithreadedTaskDispatcher with 12 workers.
[PhysX] Initialized MultithreadedTaskDispatcher with 12 workers.
[PhysX] Initialized MultithreadedTaskDispatcher with 12 workers.
[PhysX] Initialized MultithreadedTaskDispatcher with 12 workers.
[PhysX] Initialized MultithreadedTaskDispatcher with 12 workers.
[PhysX] Initialized MultithreadedTaskDispatcher with 12 workers.
[PhysX] Initialized MultithreadedTaskDispatcher with 12 workers.
[PhysX] Initialized MultithreadedTaskDispatcher with 12 workers.
[PhysX] Initialized MultithreadedTaskDispatcher with 12 workers.
 -> (artifact id: '3b84e887180ec67b503dd6fdce2b00d3') in 0.415685 seconds
Number of updated asset objects reloaded before import = 0
Number of asset objects unloaded after import = 65
========================================================================
Received Import Request.
  Time since last request: 29.950009 seconds.
  path: Assets/Sibl/Materials/ParkingGarage01_bg.mat
  artifactKey: Guid(35e89f8022634ed49ad8676c62665358) Importer(815301076,1909f56bfc062723c751e8b465ee728b)
Start importing Assets/Sibl/Materials/ParkingGarage01_bg.mat using Guid(35e89f8022634ed49ad8676c62665358) Importer(815301076,1909f56bfc062723c751e8b465ee728b) [PhysX] Initialized MultithreadedTaskDispatcher with 12 workers.
[PhysX] Initialized MultithreadedTaskDispatcher with 12 workers.
 -> (artifact id: '05bd5bdadec7c820ffc22731cea7d657') in 0.068907 seconds
Number of updated asset objects reloaded before import = 0
Number of asset objects unloaded after import = 2
========================================================================
Received Import Request.
  Time since last request: 51.105142 seconds.
  path: Assets/Scenes/AwakeScene.unity
  artifactKey: Guid(b764a7e4757baa54fb9ed087c383e5ae) Importer(815301076,1909f56bfc062723c751e8b465ee728b)
Start importing Assets/Scenes/AwakeScene.unity using Guid(b764a7e4757baa54fb9ed087c383e5ae) Importer(815301076,1909f56bfc062723c751e8b465ee728b) [PhysX] Initialized MultithreadedTaskDispatcher with 12 workers.
 -> (artifact id: '2ea984c357943d28de9ddbd5a38b7833') in 0.000542 seconds
Number of updated asset objects reloaded before import = 0
Number of asset objects unloaded after import = 0
========================================================================
Received Import Request.
  Time since last request: 38.334451 seconds.
  path: Assets/Scenes/AwakeScene.unity
  artifactKey: Guid(b764a7e4757baa54fb9ed087c383e5ae) Importer(815301076,1909f56bfc062723c751e8b465ee728b)
Start importing Assets/Scenes/AwakeScene.unity using Guid(b764a7e4757baa54fb9ed087c383e5ae) Importer(815301076,1909f56bfc062723c751e8b465ee728b) [PhysX] Initialized MultithreadedTaskDispatcher with 12 workers.
 -> (artifact id: '0ee7d3ece20a9f1b478b3e157397375e') in 0.000432 seconds
Number of updated asset objects reloaded before import = 0
Number of asset objects unloaded after import = 0
========================================================================
Received Prepare
Caller must complete domain reload
Begin MonoManager ReloadAssembly
- Loaded All Assemblies, in  0.392 seconds
Native extension for WindowsStandalone target not found
Native extension for Android target not found
[Package Manager] Server::EnsureServerProcessIsRunning -- launch failed, reason: Unity was launched with the -noUpm command-line argument
[Package Manager] UpmClient::Send -- Unable to send message (not connected to UPM process).
[Package Manager] Cannot connect to Unity Package Manager local server
Mono: successfully reloaded assembly
- Finished resetting the current domain, in  0.773 seconds
Domain Reload Profiling: 1166ms
	BeginReloadAssembly (154ms)
		ExecutionOrderSort (0ms)
		DisableScriptedObjects (6ms)
		BackupInstance (0ms)
		ReleaseScriptingObjects (0ms)
		CreateAndSetChildDomain (34ms)
	RebuildCommonClasses (32ms)
	RebuildNativeTypeToScriptingClass (11ms)
	initialDomainReloadingComplete (24ms)
	LoadAllAssembliesAndSetupDomain (170ms)
		LoadAssemblies (243ms)
		RebuildTransferFunctionScriptingTraits (0ms)
		AnalyzeDomain (14ms)
			TypeCache.Refresh (5ms)
				TypeCache.ScanAssembly (0ms)
			ScanForSourceGeneratedMonoScriptInfo (0ms)
			ResolveRequiredComponents (7ms)
	FinalizeReload (774ms)
		ReleaseScriptCaches (0ms)
		RebuildScriptCaches (0ms)
		SetupLoadedEditorAssemblies (487ms)
			LogAssemblyErrors (0ms)
			InitializePlatformSupportModulesInManaged (15ms)
			SetLoadedEditorAssemblies (5ms)
			RefreshPlugins (0ms)
			BeforeProcessingInitializeOnLoad (54ms)
			ProcessInitializeOnLoadAttributes (376ms)
			ProcessInitializeOnLoadMethodAttributes (33ms)
			AfterProcessingInitializeOnLoad (4ms)
			EditorAssembliesLoaded (0ms)
		ExecutionOrderSort2 (0ms)
		AwakeInstancesAfterBackupRestoration (7ms)
Refreshing native plugins compatible for Editor in 2.23 ms, found 2 plugins.
Preloading 0 native plugins for Editor in 0.00 ms.
Unloading 1815 Unused Serialized files (Serialized files now loaded: 0)
Unloading 24 unused Assets / (1.8 MB). Loaded Objects now: 2448.
Memory consumption went from 194.4 MB to 192.7 MB.
Total: 3.083900 ms (FindLiveObjects: 0.181800 ms CreateObjectMapping: 0.089900 ms MarkObjects: 2.498900 ms  DeleteObjects: 0.312200 ms)

Prepare: number of updated asset objects reloaded= 0
AssetImportParameters requested are different than current active one (requested -> active):
  custom:video-decoder-webm-vp8: 9c59270c3fd7afecdb556c50c9e8de78 -> 
  custom:SearchIndexIgnoredProperties: e643bd26f0fe6173181afceb89e7c659 -> 
  custom:container-demuxer-ogg: 62fdf1f143b41e24485cea50d1cbac27 -> 
  custom:AudioImporter_EditorPlatform: d09bf68614088b80899f8185d706f6e7 -> 
  custom:video-decoder-ogg-theora: a1e56fd34408186e4bbccfd4996cb3dc -> 
  custom:framework-win-MediaFoundation: 216162199b28c13a410421893ffa2e32 -> 
  custom:video-encoder-webm-vp8: eb34c28f22e8b96e1ab97ce403110664 -> 
  custom:audio-decoder-ogg-vorbis: bf7c407c2cedff20999df2af8eb42d56 -> 
  custom:CustomObjectIndexerAttribute: 9a22284fe3817be447336de3de66b15e -> 
  custom:container-demuxer-webm: 4f35f7cbe854078d1ac9338744f61a02 -> 
  custom:audio-encoder-webm-vorbis: bf7c407c2cedff20999df2af8eb42d56 -> 
  custom:container-muxer-webm: aa71ff27fc2769a1b78a27578f13a17b -> 
========================================================================
Received Prepare
Caller must complete domain reload
Begin MonoManager ReloadAssembly
- Loaded All Assemblies, in  0.395 seconds
Native extension for WindowsStandalone target not found
Native extension for Android target not found
[Package Manager] Server::EnsureServerProcessIsRunning -- launch failed, reason: Unity was launched with the -noUpm command-line argument
[Package Manager] UpmClient::Send -- Unable to send message (not connected to UPM process).
[Package Manager] Cannot connect to Unity Package Manager local server
Mono: successfully reloaded assembly
- Finished resetting the current domain, in  0.677 seconds
Domain Reload Profiling: 1071ms
	BeginReloadAssembly (153ms)
		ExecutionOrderSort (0ms)
		DisableScriptedObjects (6ms)
		BackupInstance (0ms)
		ReleaseScriptingObjects (0ms)
		CreateAndSetChildDomain (29ms)
	RebuildCommonClasses (43ms)
	RebuildNativeTypeToScriptingClass (12ms)
	initialDomainReloadingComplete (24ms)
	LoadAllAssembliesAndSetupDomain (162ms)
		LoadAssemblies (240ms)
		RebuildTransferFunctionScriptingTraits (0ms)
		AnalyzeDomain (12ms)
			TypeCache.Refresh (4ms)
				TypeCache.ScanAssembly (0ms)
			ScanForSourceGeneratedMonoScriptInfo (0ms)
			ResolveRequiredComponents (7ms)
	FinalizeReload (677ms)
		ReleaseScriptCaches (0ms)
		RebuildScriptCaches (0ms)
		SetupLoadedEditorAssemblies (405ms)
			LogAssemblyErrors (0ms)
			InitializePlatformSupportModulesInManaged (16ms)
			SetLoadedEditorAssemblies (5ms)
			RefreshPlugins (0ms)
			BeforeProcessingInitializeOnLoad (46ms)
			ProcessInitializeOnLoadAttributes (298ms)
			ProcessInitializeOnLoadMethodAttributes (35ms)
			AfterProcessingInitializeOnLoad (4ms)
			EditorAssembliesLoaded (0ms)
		ExecutionOrderSort2 (0ms)
		AwakeInstancesAfterBackupRestoration (9ms)
Refreshing native plugins compatible for Editor in 1.70 ms, found 2 plugins.
Preloading 0 native plugins for Editor in 0.00 ms.
Unloading 1816 Unused Serialized files (Serialized files now loaded: 0)
Unloading 23 unused Assets / (1.8 MB). Loaded Objects now: 2452.
Memory consumption went from 194.7 MB to 193.0 MB.
Total: 3.245200 ms (FindLiveObjects: 0.172900 ms CreateObjectMapping: 0.116000 ms MarkObjects: 2.579500 ms  DeleteObjects: 0.375800 ms)

Prepare: number of updated asset objects reloaded= 0
AssetImportParameters requested are different than current active one (requested -> active):
  custom:video-decoder-webm-vp8: 9c59270c3fd7afecdb556c50c9e8de78 -> 
  custom:SearchIndexIgnoredProperties: e643bd26f0fe6173181afceb89e7c659 -> 
  custom:container-demuxer-ogg: 62fdf1f143b41e24485cea50d1cbac27 -> 
  custom:AudioImporter_EditorPlatform: d09bf68614088b80899f8185d706f6e7 -> 
  custom:video-decoder-ogg-theora: a1e56fd34408186e4bbccfd4996cb3dc -> 
  custom:framework-win-MediaFoundation: 216162199b28c13a410421893ffa2e32 -> 
  custom:video-encoder-webm-vp8: eb34c28f22e8b96e1ab97ce403110664 -> 
  custom:audio-decoder-ogg-vorbis: bf7c407c2cedff20999df2af8eb42d56 -> 
  custom:CustomObjectIndexerAttribute: 9a22284fe3817be447336de3de66b15e -> 
  custom:container-demuxer-webm: 4f35f7cbe854078d1ac9338744f61a02 -> 
  custom:audio-encoder-webm-vorbis: bf7c407c2cedff20999df2af8eb42d56 -> 
  custom:container-muxer-webm: aa71ff27fc2769a1b78a27578f13a17b -> 
========================================================================
Received Import Request.
  Time since last request: 190.480162 seconds.
  path: Assets/map/communityMap/Models 1/roadRampLongCurved.fbx
  artifactKey: Guid(63b8e950d80105a49bc7ea0a2faa30b8) Importer(815301076,1909f56bfc062723c751e8b465ee728b)
Start importing Assets/map/communityMap/Models 1/roadRampLongCurved.fbx using Guid(63b8e950d80105a49bc7ea0a2faa30b8) Importer(815301076,1909f56bfc062723c751e8b465ee728b) [PhysX] Initialized MultithreadedTaskDispatcher with 12 workers.
[PhysX] Initialized MultithreadedTaskDispatcher with 12 workers.
[PhysX] Initialized MultithreadedTaskDispatcher with 12 workers.
[PhysX] Initialized MultithreadedTaskDispatcher with 12 workers.
[PhysX] Initialized MultithreadedTaskDispatcher with 12 workers.
[PhysX] Initialized MultithreadedTaskDispatcher with 12 workers.
 -> (artifact id: '50520bfce419d5ff48f8c10540c1d025') in 0.214666 seconds
Number of updated asset objects reloaded before import = 0
Number of asset objects unloaded after import = 10
========================================================================
Received Import Request.
  Time since last request: 0.000024 seconds.
  path: Assets/map/communityMap/Models 1/roadEnd.fbx
  artifactKey: Guid(a7aad28ac151b6a4ca245168a2842bfc) Importer(815301076,1909f56bfc062723c751e8b465ee728b)
Start importing Assets/map/communityMap/Models 1/roadEnd.fbx using Guid(a7aad28ac151b6a4ca245168a2842bfc) Importer(815301076,1909f56bfc062723c751e8b465ee728b) [PhysX] Initialized MultithreadedTaskDispatcher with 12 workers.
[PhysX] Initialized MultithreadedTaskDispatcher with 12 workers.
[PhysX] Initialized MultithreadedTaskDispatcher with 12 workers.
[PhysX] Initialized MultithreadedTaskDispatcher with 12 workers.
[PhysX] Initialized MultithreadedTaskDispatcher with 12 workers.
[PhysX] Initialized MultithreadedTaskDispatcher with 12 workers.
 -> (artifact id: '2bd5b9cb8c722c21f9ea0ecc7d8d1c67') in 0.050587 seconds
Number of updated asset objects reloaded before import = 0
Number of asset objects unloaded after import = 10
========================================================================
Received Import Request.
  Time since last request: 0.000041 seconds.
  path: Assets/map/communityMap/Models 1/roadSide.fbx
  artifactKey: Guid(10942eaf32dc2db4fbe8735047392dda) Importer(815301076,1909f56bfc062723c751e8b465ee728b)
Start importing Assets/map/communityMap/Models 1/roadSide.fbx using Guid(10942eaf32dc2db4fbe8735047392dda) Importer(815301076,1909f56bfc062723c751e8b465ee728b) [PhysX] Initialized MultithreadedTaskDispatcher with 12 workers.
[PhysX] Initialized MultithreadedTaskDispatcher with 12 workers.
[PhysX] Initialized MultithreadedTaskDispatcher with 12 workers.
[PhysX] Initialized MultithreadedTaskDispatcher with 12 workers.
[PhysX] Initialized MultithreadedTaskDispatcher with 12 workers.
[PhysX] Initialized MultithreadedTaskDispatcher with 12 workers.
 -> (artifact id: 'ee944d9d330229dc552317a191b70378') in 0.050737 seconds
Number of updated asset objects reloaded before import = 0
Number of asset objects unloaded after import = 10
========================================================================
Received Import Request.
  Time since last request: 0.000021 seconds.
  path: Assets/map/communityMap/Models 1/roadPitStraightLong.fbx
  artifactKey: Guid(ecb932fa254cfc145a0d95ba16aec4f2) Importer(815301076,1909f56bfc062723c751e8b465ee728b)
Start importing Assets/map/communityMap/Models 1/roadPitStraightLong.fbx using Guid(ecb932fa254cfc145a0d95ba16aec4f2) Importer(815301076,1909f56bfc062723c751e8b465ee728b) [PhysX] Initialized MultithreadedTaskDispatcher with 12 workers.
[PhysX] Initialized MultithreadedTaskDispatcher with 12 workers.
[PhysX] Initialized MultithreadedTaskDispatcher with 12 workers.
[PhysX] Initialized MultithreadedTaskDispatcher with 12 workers.
[PhysX] Initialized MultithreadedTaskDispatcher with 12 workers.
[PhysX] Initialized MultithreadedTaskDispatcher with 12 workers.
 -> (artifact id: '6b84681e84c65a169cb8744ae68b1bf2') in 0.049772 seconds
Number of updated asset objects reloaded before import = 0
Number of asset objects unloaded after import = 10
========================================================================
Received Import Request.
  Time since last request: 0.000017 seconds.
  path: Assets/map/communityMap/Models 1/roadStraight.fbx
  artifactKey: Guid(279a9ca982e9ffb4fadb6ebcd185c50c) Importer(815301076,1909f56bfc062723c751e8b465ee728b)
Start importing Assets/map/communityMap/Models 1/roadStraight.fbx using Guid(279a9ca982e9ffb4fadb6ebcd185c50c) Importer(815301076,1909f56bfc062723c751e8b465ee728b) [PhysX] Initialized MultithreadedTaskDispatcher with 12 workers.
[PhysX] Initialized MultithreadedTaskDispatcher with 12 workers.
[PhysX] Initialized MultithreadedTaskDispatcher with 12 workers.
[PhysX] Initialized MultithreadedTaskDispatcher with 12 workers.
[PhysX] Initialized MultithreadedTaskDispatcher with 12 workers.
[PhysX] Initialized MultithreadedTaskDispatcher with 12 workers.
 -> (artifact id: '41debbe9e989ff3d9a8efdbb1c7ec801') in 0.047085 seconds
Number of updated asset objects reloaded before import = 0
Number of asset objects unloaded after import = 10
========================================================================
Received Import Request.
  Time since last request: 0.000025 seconds.
  path: Assets/map/communityMap/Models 1/grandStandAwning.fbx
  artifactKey: Guid(867ce201e08dca54fb916c4c16abb860) Importer(815301076,1909f56bfc062723c751e8b465ee728b)
Start importing Assets/map/communityMap/Models 1/grandStandAwning.fbx using Guid(867ce201e08dca54fb916c4c16abb860) Importer(815301076,1909f56bfc062723c751e8b465ee728b) [PhysX] Initialized MultithreadedTaskDispatcher with 12 workers.
[PhysX] Initialized MultithreadedTaskDispatcher with 12 workers.
[PhysX] Initialized MultithreadedTaskDispatcher with 12 workers.
[PhysX] Initialized MultithreadedTaskDispatcher with 12 workers.
[PhysX] Initialized MultithreadedTaskDispatcher with 12 workers.
[PhysX] Initialized MultithreadedTaskDispatcher with 12 workers.
 -> (artifact id: 'd248b0a01a72800feff4c546aa869fa4') in 0.046351 seconds
Number of updated asset objects reloaded before import = 0
Number of asset objects unloaded after import = 10
========================================================================
Received Import Request.
  Time since last request: 0.000018 seconds.
  path: Assets/map/communityMap/Models 1/roadSplitRound.fbx
  artifactKey: Guid(e0b1827cbeb03854988330d845e99b1b) Importer(815301076,1909f56bfc062723c751e8b465ee728b)
Start importing Assets/map/communityMap/Models 1/roadSplitRound.fbx using Guid(e0b1827cbeb03854988330d845e99b1b) Importer(815301076,1909f56bfc062723c751e8b465ee728b) [PhysX] Initialized MultithreadedTaskDispatcher with 12 workers.
[PhysX] Initialized MultithreadedTaskDispatcher with 12 workers.
[PhysX] Initialized MultithreadedTaskDispatcher with 12 workers.
[PhysX] Initialized MultithreadedTaskDispatcher with 12 workers.
[PhysX] Initialized MultithreadedTaskDispatcher with 12 workers.
[PhysX] Initialized MultithreadedTaskDispatcher with 12 workers.
 -> (artifact id: '3ae4cef15f7073fc1e2cd8d32cc2f555') in 0.047468 seconds
Number of updated asset objects reloaded before import = 0
Number of asset objects unloaded after import = 10
========================================================================
Received Import Request.
  Time since last request: 0.000017 seconds.
  path: Assets/map/communityMap/Models 1/roadCrossing.fbx
  artifactKey: Guid(b51fb3aff1c0f234cbeeb56a3e7ea887) Importer(815301076,1909f56bfc062723c751e8b465ee728b)
Start importing Assets/map/communityMap/Models 1/roadCrossing.fbx using Guid(b51fb3aff1c0f234cbeeb56a3e7ea887) Importer(815301076,1909f56bfc062723c751e8b465ee728b) [PhysX] Initialized MultithreadedTaskDispatcher with 12 workers.
[PhysX] Initialized MultithreadedTaskDispatcher with 12 workers.
[PhysX] Initialized MultithreadedTaskDispatcher with 12 workers.
[PhysX] Initialized MultithreadedTaskDispatcher with 12 workers.
[PhysX] Initialized MultithreadedTaskDispatcher with 12 workers.
[PhysX] Initialized MultithreadedTaskDispatcher with 12 workers.
 -> (artifact id: '180fe70c8b9dddec30831122ba7f1947') in 0.050305 seconds
Number of updated asset objects reloaded before import = 0
Number of asset objects unloaded after import = 10
========================================================================
Received Import Request.
  Time since last request: 0.000051 seconds.
  path: Assets/map/communityMap/Models 1/roadStraightLongBumpRound.fbx
  artifactKey: Guid(dd17437940e4d7046bb281f20c4b3ada) Importer(815301076,1909f56bfc062723c751e8b465ee728b)
Start importing Assets/map/communityMap/Models 1/roadStraightLongBumpRound.fbx using Guid(dd17437940e4d7046bb281f20c4b3ada) Importer(815301076,1909f56bfc062723c751e8b465ee728b) [PhysX] Initialized MultithreadedTaskDispatcher with 12 workers.
[PhysX] Initialized MultithreadedTaskDispatcher with 12 workers.
[PhysX] Initialized MultithreadedTaskDispatcher with 12 workers.
[PhysX] Initialized MultithreadedTaskDispatcher with 12 workers.
[PhysX] Initialized MultithreadedTaskDispatcher with 12 workers.
[PhysX] Initialized MultithreadedTaskDispatcher with 12 workers.
 -> (artifact id: '39644f99152072a9795a8676360fde39') in 0.042248 seconds
Number of updated asset objects reloaded before import = 0
Number of asset objects unloaded after import = 10
========================================================================
Received Import Request.
  Time since last request: 0.000029 seconds.
  path: Assets/map/communityMap/Models 1/roadSplit.fbx
  artifactKey: Guid(39f836c56dc26ad4d9cffc704a1f5c62) Importer(815301076,1909f56bfc062723c751e8b465ee728b)
Start importing Assets/map/communityMap/Models 1/roadSplit.fbx using Guid(39f836c56dc26ad4d9cffc704a1f5c62) Importer(815301076,1909f56bfc062723c751e8b465ee728b) [PhysX] Initialized MultithreadedTaskDispatcher with 12 workers.
[PhysX] Initialized MultithreadedTaskDispatcher with 12 workers.
[PhysX] Initialized MultithreadedTaskDispatcher with 12 workers.
[PhysX] Initialized MultithreadedTaskDispatcher with 12 workers.
[PhysX] Initialized MultithreadedTaskDispatcher with 12 workers.
[PhysX] Initialized MultithreadedTaskDispatcher with 12 workers.
 -> (artifact id: '893f1c377b2fe8cd03a49b62d79a5234') in 0.050373 seconds
Number of updated asset objects reloaded before import = 0
Number of asset objects unloaded after import = 10
========================================================================
Received Import Request.
  Time since last request: 0.000019 seconds.
  path: Assets/map/communityMap/Models 1/roadCurvedSplit.fbx
  artifactKey: Guid(32efba0c04f7c184094b137fc99aa69c) Importer(815301076,1909f56bfc062723c751e8b465ee728b)
Start importing Assets/map/communityMap/Models 1/roadCurvedSplit.fbx using Guid(32efba0c04f7c184094b137fc99aa69c) Importer(815301076,1909f56bfc062723c751e8b465ee728b) [PhysX] Initialized MultithreadedTaskDispatcher with 12 workers.
[PhysX] Initialized MultithreadedTaskDispatcher with 12 workers.
[PhysX] Initialized MultithreadedTaskDispatcher with 12 workers.
[PhysX] Initialized MultithreadedTaskDispatcher with 12 workers.
[PhysX] Initialized MultithreadedTaskDispatcher with 12 workers.
[PhysX] Initialized MultithreadedTaskDispatcher with 12 workers.
 -> (artifact id: '1f6568ae949f918d98df30896ff0f314') in 0.040066 seconds
Number of updated asset objects reloaded before import = 0
Number of asset objects unloaded after import = 10
========================================================================
Received Import Request.
  Time since last request: 0.000019 seconds.
  path: Assets/map/communityMap/Models 1/grass.fbx
  artifactKey: Guid(88ad4c07057840d489d9bd0c1d41082a) Importer(815301076,1909f56bfc062723c751e8b465ee728b)
Start importing Assets/map/communityMap/Models 1/grass.fbx using Guid(88ad4c07057840d489d9bd0c1d41082a) Importer(815301076,1909f56bfc062723c751e8b465ee728b) [PhysX] Initialized MultithreadedTaskDispatcher with 12 workers.
[PhysX] Initialized MultithreadedTaskDispatcher with 12 workers.
[PhysX] Initialized MultithreadedTaskDispatcher with 12 workers.
[PhysX] Initialized MultithreadedTaskDispatcher with 12 workers.
 -> (artifact id: 'ca7364d8a13235a68c4afbcf7b3493cd') in 0.027665 seconds
Number of updated asset objects reloaded before import = 0
Number of asset objects unloaded after import = 8
========================================================================
Received Import Request.
  Time since last request: 0.000019 seconds.
  path: Assets/map/communityMap/Models 1/roadPitStraight.fbx
  artifactKey: Guid(e8b1d25e84bcc7f46920906cd81a9bf1) Importer(815301076,1909f56bfc062723c751e8b465ee728b)
Start importing Assets/map/communityMap/Models 1/roadPitStraight.fbx using Guid(e8b1d25e84bcc7f46920906cd81a9bf1) Importer(815301076,1909f56bfc062723c751e8b465ee728b) [PhysX] Initialized MultithreadedTaskDispatcher with 12 workers.
[PhysX] Initialized MultithreadedTaskDispatcher with 12 workers.
[PhysX] Initialized MultithreadedTaskDispatcher with 12 workers.
[PhysX] Initialized MultithreadedTaskDispatcher with 12 workers.
[PhysX] Initialized MultithreadedTaskDispatcher with 12 workers.
[PhysX] Initialized MultithreadedTaskDispatcher with 12 workers.
 -> (artifact id: 'f549034c6c95c2fbec2d985e06e009df') in 0.048810 seconds
Number of updated asset objects reloaded before import = 0
Number of asset objects unloaded after import = 10
========================================================================
Received Import Request.
  Time since last request: 0.000035 seconds.
  path: Assets/map/communityMap/Models 1/roadStart.fbx
  artifactKey: Guid(effc1992b4a68254ca5158d59376ca4c) Importer(815301076,1909f56bfc062723c751e8b465ee728b)
Start importing Assets/map/communityMap/Models 1/roadStart.fbx using Guid(effc1992b4a68254ca5158d59376ca4c) Importer(815301076,1909f56bfc062723c751e8b465ee728b) [PhysX] Initialized MultithreadedTaskDispatcher with 12 workers.
[PhysX] Initialized MultithreadedTaskDispatcher with 12 workers.
[PhysX] Initialized MultithreadedTaskDispatcher with 12 workers.
[PhysX] Initialized MultithreadedTaskDispatcher with 12 workers.
[PhysX] Initialized MultithreadedTaskDispatcher with 12 workers.
[PhysX] Initialized MultithreadedTaskDispatcher with 12 workers.
 -> (artifact id: '69a26c1774043e68111ab1d0267d00b9') in 0.056962 seconds
Number of updated asset objects reloaded before import = 0
Number of asset objects unloaded after import = 10
========================================================================
Received Import Request.
  Time since last request: 0.000043 seconds.
  path: Assets/map/communityMap/Models 1/roadRampLong.fbx
  artifactKey: Guid(da0d5908480bca04fb03eab692118752) Importer(815301076,1909f56bfc062723c751e8b465ee728b)
Start importing Assets/map/communityMap/Models 1/roadRampLong.fbx using Guid(da0d5908480bca04fb03eab692118752) Importer(815301076,1909f56bfc062723c751e8b465ee728b) [PhysX] Initialized MultithreadedTaskDispatcher with 12 workers.
[PhysX] Initialized MultithreadedTaskDispatcher with 12 workers.
[PhysX] Initialized MultithreadedTaskDispatcher with 12 workers.
[PhysX] Initialized MultithreadedTaskDispatcher with 12 workers.
[PhysX] Initialized MultithreadedTaskDispatcher with 12 workers.
[PhysX] Initialized MultithreadedTaskDispatcher with 12 workers.
 -> (artifact id: '7f68b2a88e7d14a169559f8dd1fac65c') in 0.049524 seconds
Number of updated asset objects reloaded before import = 0
Number of asset objects unloaded after import = 10
========================================================================
Received Import Request.
  Time since last request: 0.000017 seconds.
  path: Assets/map/communityMap/Models 1/roadStraightArrow.fbx
  artifactKey: Guid(cde878cac2c9f1443aaca6f2fab36a13) Importer(815301076,1909f56bfc062723c751e8b465ee728b)
Start importing Assets/map/communityMap/Models 1/roadStraightArrow.fbx using Guid(cde878cac2c9f1443aaca6f2fab36a13) Importer(815301076,1909f56bfc062723c751e8b465ee728b) [PhysX] Initialized MultithreadedTaskDispatcher with 12 workers.
[PhysX] Initialized MultithreadedTaskDispatcher with 12 workers.
[PhysX] Initialized MultithreadedTaskDispatcher with 12 workers.
[PhysX] Initialized MultithreadedTaskDispatcher with 12 workers.
[PhysX] Initialized MultithreadedTaskDispatcher with 12 workers.
[PhysX] Initialized MultithreadedTaskDispatcher with 12 workers.
 -> (artifact id: '8ada6fc6ce439814517796599d518e09') in 0.045184 seconds
Number of updated asset objects reloaded before import = 0
Number of asset objects unloaded after import = 10
========================================================================
Received Prepare
Caller must complete domain reload
Begin MonoManager ReloadAssembly
- Loaded All Assemblies, in  0.427 seconds
Native extension for WindowsStandalone target not found
Native extension for Android target not found
[Package Manager] Server::EnsureServerProcessIsRunning -- launch failed, reason: Unity was launched with the -noUpm command-line argument
[Package Manager] UpmClient::Send -- Unable to send message (not connected to UPM process).
[Package Manager] Cannot connect to Unity Package Manager local server
Mono: successfully reloaded assembly
- Finished resetting the current domain, in  0.700 seconds
Domain Reload Profiling: 1128ms
	BeginReloadAssembly (156ms)
		ExecutionOrderSort (0ms)
		DisableScriptedObjects (5ms)
		BackupInstance (0ms)
		ReleaseScriptingObjects (0ms)
		CreateAndSetChildDomain (37ms)
	RebuildCommonClasses (52ms)
	RebuildNativeTypeToScriptingClass (19ms)
	initialDomainReloadingComplete (27ms)
	LoadAllAssembliesAndSetupDomain (172ms)
		LoadAssemblies (245ms)
		RebuildTransferFunctionScriptingTraits (0ms)
		AnalyzeDomain (13ms)
			TypeCache.Refresh (4ms)
				TypeCache.ScanAssembly (0ms)
			ScanForSourceGeneratedMonoScriptInfo (0ms)
			ResolveRequiredComponents (7ms)
	FinalizeReload (701ms)
		ReleaseScriptCaches (0ms)
		RebuildScriptCaches (0ms)
		SetupLoadedEditorAssemblies (418ms)
			LogAssemblyErrors (0ms)
			InitializePlatformSupportModulesInManaged (16ms)
			SetLoadedEditorAssemblies (5ms)
			RefreshPlugins (0ms)
			BeforeProcessingInitializeOnLoad (49ms)
			ProcessInitializeOnLoadAttributes (310ms)
			ProcessInitializeOnLoadMethodAttributes (33ms)
			AfterProcessingInitializeOnLoad (4ms)
			EditorAssembliesLoaded (0ms)
		ExecutionOrderSort2 (0ms)
		AwakeInstancesAfterBackupRestoration (9ms)
Refreshing native plugins compatible for Editor in 2.11 ms, found 2 plugins.
Preloading 0 native plugins for Editor in 0.00 ms.
Unloading 1815 Unused Serialized files (Serialized files now loaded: 0)
Unloading 23 unused Assets / (1.8 MB). Loaded Objects now: 2456.
Memory consumption went from 194.5 MB to 192.7 MB.
Total: 3.968200 ms (FindLiveObjects: 0.255600 ms CreateObjectMapping: 0.280200 ms MarkObjects: 3.072200 ms  DeleteObjects: 0.359400 ms)

Prepare: number of updated asset objects reloaded= 0
AssetImportParameters requested are different than current active one (requested -> active):
  custom:video-decoder-webm-vp8: 9c59270c3fd7afecdb556c50c9e8de78 -> 
  custom:SearchIndexIgnoredProperties: e643bd26f0fe6173181afceb89e7c659 -> 
  custom:container-demuxer-ogg: 62fdf1f143b41e24485cea50d1cbac27 -> 
  custom:AudioImporter_EditorPlatform: d09bf68614088b80899f8185d706f6e7 -> 
  custom:video-decoder-ogg-theora: a1e56fd34408186e4bbccfd4996cb3dc -> 
  custom:framework-win-MediaFoundation: 216162199b28c13a410421893ffa2e32 -> 
  custom:video-encoder-webm-vp8: eb34c28f22e8b96e1ab97ce403110664 -> 
  custom:audio-decoder-ogg-vorbis: bf7c407c2cedff20999df2af8eb42d56 -> 
  custom:CustomObjectIndexerAttribute: 9a22284fe3817be447336de3de66b15e -> 
  custom:container-demuxer-webm: 4f35f7cbe854078d1ac9338744f61a02 -> 
  custom:audio-encoder-webm-vorbis: bf7c407c2cedff20999df2af8eb42d56 -> 
  custom:container-muxer-webm: aa71ff27fc2769a1b78a27578f13a17b -> 
========================================================================
Received Prepare
Caller must complete domain reload
Begin MonoManager ReloadAssembly
- Loaded All Assemblies, in  0.386 seconds
Native extension for WindowsStandalone target not found
Native extension for Android target not found
[Package Manager] Server::EnsureServerProcessIsRunning -- launch failed, reason: Unity was launched with the -noUpm command-line argument
[Package Manager] UpmClient::Send -- Unable to send message (not connected to UPM process).
[Package Manager] Cannot connect to Unity Package Manager local server
Mono: successfully reloaded assembly
- Finished resetting the current domain, in  0.682 seconds
Domain Reload Profiling: 1068ms
	BeginReloadAssembly (154ms)
		ExecutionOrderSort (0ms)
		DisableScriptedObjects (8ms)
		BackupInstance (0ms)
		ReleaseScriptingObjects (0ms)
		CreateAndSetChildDomain (31ms)
	RebuildCommonClasses (31ms)
	RebuildNativeTypeToScriptingClass (16ms)
	initialDomainReloadingComplete (28ms)
	LoadAllAssembliesAndSetupDomain (156ms)
		LoadAssemblies (231ms)
		RebuildTransferFunctionScriptingTraits (0ms)
		AnalyzeDomain (13ms)
			TypeCache.Refresh (4ms)
				TypeCache.ScanAssembly (0ms)
			ScanForSourceGeneratedMonoScriptInfo (0ms)
			ResolveRequiredComponents (7ms)
	FinalizeReload (683ms)
		ReleaseScriptCaches (0ms)
		RebuildScriptCaches (0ms)
		SetupLoadedEditorAssemblies (417ms)
			LogAssemblyErrors (0ms)
			InitializePlatformSupportModulesInManaged (16ms)
			SetLoadedEditorAssemblies (4ms)
			RefreshPlugins (0ms)
			BeforeProcessingInitializeOnLoad (54ms)
			ProcessInitializeOnLoadAttributes (311ms)
			ProcessInitializeOnLoadMethodAttributes (28ms)
			AfterProcessingInitializeOnLoad (4ms)
			EditorAssembliesLoaded (0ms)
		ExecutionOrderSort2 (0ms)
		AwakeInstancesAfterBackupRestoration (8ms)
Refreshing native plugins compatible for Editor in 2.00 ms, found 2 plugins.
Preloading 0 native plugins for Editor in 0.00 ms.
Unloading 1816 Unused Serialized files (Serialized files now loaded: 0)
Unloading 23 unused Assets / (1.8 MB). Loaded Objects now: 2460.
Memory consumption went from 194.7 MB to 193.0 MB.
Total: 5.523500 ms (FindLiveObjects: 0.195900 ms CreateObjectMapping: 0.106300 ms MarkObjects: 4.832600 ms  DeleteObjects: 0.387000 ms)

Prepare: number of updated asset objects reloaded= 0
AssetImportParameters requested are different than current active one (requested -> active):
  custom:video-decoder-webm-vp8: 9c59270c3fd7afecdb556c50c9e8de78 -> 
  custom:SearchIndexIgnoredProperties: e643bd26f0fe6173181afceb89e7c659 -> 
  custom:container-demuxer-ogg: 62fdf1f143b41e24485cea50d1cbac27 -> 
  custom:AudioImporter_EditorPlatform: d09bf68614088b80899f8185d706f6e7 -> 
  custom:video-decoder-ogg-theora: a1e56fd34408186e4bbccfd4996cb3dc -> 
  custom:framework-win-MediaFoundation: 216162199b28c13a410421893ffa2e32 -> 
  custom:video-encoder-webm-vp8: eb34c28f22e8b96e1ab97ce403110664 -> 
  custom:audio-decoder-ogg-vorbis: bf7c407c2cedff20999df2af8eb42d56 -> 
  custom:CustomObjectIndexerAttribute: 9a22284fe3817be447336de3de66b15e -> 
  custom:container-demuxer-webm: 4f35f7cbe854078d1ac9338744f61a02 -> 
  custom:audio-encoder-webm-vorbis: bf7c407c2cedff20999df2af8eb42d56 -> 
  custom:container-muxer-webm: aa71ff27fc2769a1b78a27578f13a17b -> 
========================================================================
Received Prepare
Caller must complete domain reload
Begin MonoManager ReloadAssembly
- Loaded All Assemblies, in  0.411 seconds
Native extension for WindowsStandalone target not found
Native extension for Android target not found
[Package Manager] Server::EnsureServerProcessIsRunning -- launch failed, reason: Unity was launched with the -noUpm command-line argument
[Package Manager] UpmClient::Send -- Unable to send message (not connected to UPM process).
[Package Manager] Cannot connect to Unity Package Manager local server
Mono: successfully reloaded assembly
- Finished resetting the current domain, in  0.690 seconds
Domain Reload Profiling: 1102ms
	BeginReloadAssembly (152ms)
		ExecutionOrderSort (0ms)
		DisableScriptedObjects (6ms)
		BackupInstance (0ms)
		ReleaseScriptingObjects (0ms)
		CreateAndSetChildDomain (30ms)
	RebuildCommonClasses (49ms)
	RebuildNativeTypeToScriptingClass (14ms)
	initialDomainReloadingComplete (22ms)
	LoadAllAssembliesAndSetupDomain (174ms)
		LoadAssemblies (237ms)
		RebuildTransferFunctionScriptingTraits (0ms)
		AnalyzeDomain (25ms)
			TypeCache.Refresh (8ms)
				TypeCache.ScanAssembly (1ms)
			ScanForSourceGeneratedMonoScriptInfo (6ms)
			ResolveRequiredComponents (10ms)
	FinalizeReload (691ms)
		ReleaseScriptCaches (0ms)
		RebuildScriptCaches (0ms)
		SetupLoadedEditorAssemblies (414ms)
			LogAssemblyErrors (0ms)
			InitializePlatformSupportModulesInManaged (19ms)
			SetLoadedEditorAssemblies (5ms)
			RefreshPlugins (0ms)
			BeforeProcessingInitializeOnLoad (49ms)
			ProcessInitializeOnLoadAttributes (308ms)
			ProcessInitializeOnLoadMethodAttributes (30ms)
			AfterProcessingInitializeOnLoad (3ms)
			EditorAssembliesLoaded (0ms)
		ExecutionOrderSort2 (0ms)
		AwakeInstancesAfterBackupRestoration (10ms)
Refreshing native plugins compatible for Editor in 4.88 ms, found 2 plugins.
Preloading 0 native plugins for Editor in 0.00 ms.
Unloading 1816 Unused Serialized files (Serialized files now loaded: 0)
Unloading 23 unused Assets / (1.8 MB). Loaded Objects now: 2464.
Memory consumption went from 194.7 MB to 193.0 MB.
Total: 3.774700 ms (FindLiveObjects: 0.301800 ms CreateObjectMapping: 0.148900 ms MarkObjects: 3.031300 ms  DeleteObjects: 0.291700 ms)

Prepare: number of updated asset objects reloaded= 0
AssetImportParameters requested are different than current active one (requested -> active):
  custom:video-decoder-webm-vp8: 9c59270c3fd7afecdb556c50c9e8de78 -> 
  custom:SearchIndexIgnoredProperties: e643bd26f0fe6173181afceb89e7c659 -> 
  custom:container-demuxer-ogg: 62fdf1f143b41e24485cea50d1cbac27 -> 
  custom:AudioImporter_EditorPlatform: d09bf68614088b80899f8185d706f6e7 -> 
  custom:video-decoder-ogg-theora: a1e56fd34408186e4bbccfd4996cb3dc -> 
  custom:framework-win-MediaFoundation: 216162199b28c13a410421893ffa2e32 -> 
  custom:video-encoder-webm-vp8: eb34c28f22e8b96e1ab97ce403110664 -> 
  custom:audio-decoder-ogg-vorbis: bf7c407c2cedff20999df2af8eb42d56 -> 
  custom:CustomObjectIndexerAttribute: 9a22284fe3817be447336de3de66b15e -> 
  custom:container-demuxer-webm: 4f35f7cbe854078d1ac9338744f61a02 -> 
  custom:audio-encoder-webm-vorbis: bf7c407c2cedff20999df2af8eb42d56 -> 
  custom:container-muxer-webm: aa71ff27fc2769a1b78a27578f13a17b -> 
========================================================================
Received Prepare
Caller must complete domain reload
Begin MonoManager ReloadAssembly
- Loaded All Assemblies, in  0.392 seconds
Native extension for WindowsStandalone target not found
Native extension for Android target not found
[Package Manager] Server::EnsureServerProcessIsRunning -- launch failed, reason: Unity was launched with the -noUpm command-line argument
[Package Manager] UpmClient::Send -- Unable to send message (not connected to UPM process).
[Package Manager] Cannot connect to Unity Package Manager local server
Mono: successfully reloaded assembly
- Finished resetting the current domain, in  0.681 seconds
Domain Reload Profiling: 1072ms
	BeginReloadAssembly (146ms)
		ExecutionOrderSort (0ms)
		DisableScriptedObjects (6ms)
		BackupInstance (0ms)
		ReleaseScriptingObjects (0ms)
		CreateAndSetChildDomain (29ms)
	RebuildCommonClasses (41ms)
	RebuildNativeTypeToScriptingClass (11ms)
	initialDomainReloadingComplete (22ms)
	LoadAllAssembliesAndSetupDomain (171ms)
		LoadAssemblies (227ms)
		RebuildTransferFunctionScriptingTraits (0ms)
		AnalyzeDomain (27ms)
			TypeCache.Refresh (8ms)
				TypeCache.ScanAssembly (1ms)
			ScanForSourceGeneratedMonoScriptInfo (7ms)
			ResolveRequiredComponents (10ms)
	FinalizeReload (681ms)
		ReleaseScriptCaches (0ms)
		RebuildScriptCaches (0ms)
		SetupLoadedEditorAssemblies (377ms)
			LogAssemblyErrors (0ms)
			InitializePlatformSupportModulesInManaged (15ms)
			SetLoadedEditorAssemblies (5ms)
			RefreshPlugins (0ms)
			BeforeProcessingInitializeOnLoad (51ms)
			ProcessInitializeOnLoadAttributes (279ms)
			ProcessInitializeOnLoadMethodAttributes (23ms)
			AfterProcessingInitializeOnLoad (4ms)
			EditorAssembliesLoaded (0ms)
		ExecutionOrderSort2 (0ms)
		AwakeInstancesAfterBackupRestoration (7ms)
Refreshing native plugins compatible for Editor in 1.51 ms, found 2 plugins.
Preloading 0 native plugins for Editor in 0.00 ms.
Unloading 1816 Unused Serialized files (Serialized files now loaded: 0)
Unloading 23 unused Assets / (1.8 MB). Loaded Objects now: 2468.
Memory consumption went from 194.7 MB to 193.0 MB.
Total: 2.941000 ms (FindLiveObjects: 0.147700 ms CreateObjectMapping: 0.070000 ms MarkObjects: 2.462400 ms  DeleteObjects: 0.260200 ms)

Prepare: number of updated asset objects reloaded= 0
AssetImportParameters requested are different than current active one (requested -> active):
  custom:video-decoder-webm-vp8: 9c59270c3fd7afecdb556c50c9e8de78 -> 
  custom:SearchIndexIgnoredProperties: e643bd26f0fe6173181afceb89e7c659 -> 
  custom:container-demuxer-ogg: 62fdf1f143b41e24485cea50d1cbac27 -> 
  custom:AudioImporter_EditorPlatform: d09bf68614088b80899f8185d706f6e7 -> 
  custom:video-decoder-ogg-theora: a1e56fd34408186e4bbccfd4996cb3dc -> 
  custom:framework-win-MediaFoundation: 216162199b28c13a410421893ffa2e32 -> 
  custom:video-encoder-webm-vp8: eb34c28f22e8b96e1ab97ce403110664 -> 
  custom:audio-decoder-ogg-vorbis: bf7c407c2cedff20999df2af8eb42d56 -> 
  custom:CustomObjectIndexerAttribute: 9a22284fe3817be447336de3de66b15e -> 
  custom:container-demuxer-webm: 4f35f7cbe854078d1ac9338744f61a02 -> 
  custom:audio-encoder-webm-vorbis: bf7c407c2cedff20999df2af8eb42d56 -> 
  custom:container-muxer-webm: aa71ff27fc2769a1b78a27578f13a17b -> 
========================================================================
Received Prepare
Caller must complete domain reload
Begin MonoManager ReloadAssembly
- Loaded All Assemblies, in  0.406 seconds
Native extension for WindowsStandalone target not found
Native extension for Android target not found
[Package Manager] Server::EnsureServerProcessIsRunning -- launch failed, reason: Unity was launched with the -noUpm command-line argument
[Package Manager] UpmClient::Send -- Unable to send message (not connected to UPM process).
[Package Manager] Cannot connect to Unity Package Manager local server
Mono: successfully reloaded assembly
- Finished resetting the current domain, in  0.782 seconds
Domain Reload Profiling: 1188ms
	BeginReloadAssembly (159ms)
		ExecutionOrderSort (0ms)
		DisableScriptedObjects (5ms)
		BackupInstance (0ms)
		ReleaseScriptingObjects (0ms)
		CreateAndSetChildDomain (32ms)
	RebuildCommonClasses (43ms)
	RebuildNativeTypeToScriptingClass (17ms)
	initialDomainReloadingComplete (23ms)
	LoadAllAssembliesAndSetupDomain (164ms)
		LoadAssemblies (245ms)
		RebuildTransferFunctionScriptingTraits (0ms)
		AnalyzeDomain (13ms)
			TypeCache.Refresh (4ms)
				TypeCache.ScanAssembly (0ms)
			ScanForSourceGeneratedMonoScriptInfo (0ms)
			ResolveRequiredComponents (7ms)
	FinalizeReload (783ms)
		ReleaseScriptCaches (0ms)
		RebuildScriptCaches (0ms)
		SetupLoadedEditorAssemblies (461ms)
			LogAssemblyErrors (0ms)
			InitializePlatformSupportModulesInManaged (25ms)
			SetLoadedEditorAssemblies (5ms)
			RefreshPlugins (0ms)
			BeforeProcessingInitializeOnLoad (55ms)
			ProcessInitializeOnLoadAttributes (340ms)
			ProcessInitializeOnLoadMethodAttributes (33ms)
			AfterProcessingInitializeOnLoad (3ms)
			EditorAssembliesLoaded (0ms)
		ExecutionOrderSort2 (0ms)
		AwakeInstancesAfterBackupRestoration (7ms)
Refreshing native plugins compatible for Editor in 3.01 ms, found 2 plugins.
Preloading 0 native plugins for Editor in 0.00 ms.
Unloading 1816 Unused Serialized files (Serialized files now loaded: 0)
Unloading 23 unused Assets / (1.8 MB). Loaded Objects now: 2472.
Memory consumption went from 194.7 MB to 193.0 MB.
Total: 8.055500 ms (FindLiveObjects: 0.435000 ms CreateObjectMapping: 0.320000 ms MarkObjects: 6.373500 ms  DeleteObjects: 0.923400 ms)

Prepare: number of updated asset objects reloaded= 0
AssetImportParameters requested are different than current active one (requested -> active):
  custom:video-decoder-webm-vp8: 9c59270c3fd7afecdb556c50c9e8de78 -> 
  custom:SearchIndexIgnoredProperties: e643bd26f0fe6173181afceb89e7c659 -> 
  custom:container-demuxer-ogg: 62fdf1f143b41e24485cea50d1cbac27 -> 
  custom:AudioImporter_EditorPlatform: d09bf68614088b80899f8185d706f6e7 -> 
  custom:video-decoder-ogg-theora: a1e56fd34408186e4bbccfd4996cb3dc -> 
  custom:framework-win-MediaFoundation: 216162199b28c13a410421893ffa2e32 -> 
  custom:video-encoder-webm-vp8: eb34c28f22e8b96e1ab97ce403110664 -> 
  custom:audio-decoder-ogg-vorbis: bf7c407c2cedff20999df2af8eb42d56 -> 
  custom:CustomObjectIndexerAttribute: 9a22284fe3817be447336de3de66b15e -> 
  custom:container-demuxer-webm: 4f35f7cbe854078d1ac9338744f61a02 -> 
  custom:audio-encoder-webm-vorbis: bf7c407c2cedff20999df2af8eb42d56 -> 
  custom:container-muxer-webm: aa71ff27fc2769a1b78a27578f13a17b -> 
========================================================================
Received Import Request.
  Time since last request: 664.710058 seconds.
  path: Assets/Prefabs/ArduinoCars/kart.prefab
  artifactKey: Guid(464f4e51668601f48850ef5defcd1313) Importer(815301076,1909f56bfc062723c751e8b465ee728b)
Start importing Assets/Prefabs/ArduinoCars/kart.prefab using Guid(464f4e51668601f48850ef5defcd1313) Importer(815301076,1909f56bfc062723c751e8b465ee728b) [PhysX] Initialized MultithreadedTaskDispatcher with 12 workers.
 -> (artifact id: 'd5e7ccaa0109cce9a1f05499a7a70995') in 0.035743 seconds
Number of updated asset objects reloaded before import = 0
Number of asset objects unloaded after import = 0
========================================================================
Received Prepare
Caller must complete domain reload
Begin MonoManager ReloadAssembly
- Loaded All Assemblies, in  0.399 seconds
Native extension for WindowsStandalone target not found
Native extension for Android target not found
[Package Manager] Server::EnsureServerProcessIsRunning -- launch failed, reason: Unity was launched with the -noUpm command-line argument
[Package Manager] UpmClient::Send -- Unable to send message (not connected to UPM process).
[Package Manager] Cannot connect to Unity Package Manager local server
Mono: successfully reloaded assembly
- Finished resetting the current domain, in  0.672 seconds
Domain Reload Profiling: 1071ms
	BeginReloadAssembly (154ms)
		ExecutionOrderSort (0ms)
		DisableScriptedObjects (6ms)
		BackupInstance (0ms)
		ReleaseScriptingObjects (0ms)
		CreateAndSetChildDomain (33ms)
	RebuildCommonClasses (43ms)
	RebuildNativeTypeToScriptingClass (11ms)
	initialDomainReloadingComplete (23ms)
	LoadAllAssembliesAndSetupDomain (167ms)
		LoadAssemblies (240ms)
		RebuildTransferFunctionScriptingTraits (0ms)
		AnalyzeDomain (13ms)
			TypeCache.Refresh (5ms)
				TypeCache.ScanAssembly (0ms)
			ScanForSourceGeneratedMonoScriptInfo (0ms)
			ResolveRequiredComponents (7ms)
	FinalizeReload (672ms)
		ReleaseScriptCaches (0ms)
		RebuildScriptCaches (0ms)
		SetupLoadedEditorAssemblies (391ms)
			LogAssemblyErrors (0ms)
			InitializePlatformSupportModulesInManaged (16ms)
			SetLoadedEditorAssemblies (4ms)
			RefreshPlugins (0ms)
			BeforeProcessingInitializeOnLoad (44ms)
			ProcessInitializeOnLoadAttributes (287ms)
			ProcessInitializeOnLoadMethodAttributes (37ms)
			AfterProcessingInitializeOnLoad (3ms)
			EditorAssembliesLoaded (0ms)
		ExecutionOrderSort2 (0ms)
		AwakeInstancesAfterBackupRestoration (8ms)
Refreshing native plugins compatible for Editor in 1.63 ms, found 2 plugins.
Preloading 0 native plugins for Editor in 0.00 ms.
Unloading 1815 Unused Serialized files (Serialized files now loaded: 0)
Unloading 23 unused Assets / (1.8 MB). Loaded Objects now: 2476.
Memory consumption went from 194.5 MB to 192.7 MB.
Total: 3.757700 ms (FindLiveObjects: 0.224200 ms CreateObjectMapping: 0.140400 ms MarkObjects: 2.786400 ms  DeleteObjects: 0.605200 ms)

Prepare: number of updated asset objects reloaded= 0
AssetImportParameters requested are different than current active one (requested -> active):
  custom:video-decoder-webm-vp8: 9c59270c3fd7afecdb556c50c9e8de78 -> 
  custom:SearchIndexIgnoredProperties: e643bd26f0fe6173181afceb89e7c659 -> 
  custom:container-demuxer-ogg: 62fdf1f143b41e24485cea50d1cbac27 -> 
  custom:AudioImporter_EditorPlatform: d09bf68614088b80899f8185d706f6e7 -> 
  custom:video-decoder-ogg-theora: a1e56fd34408186e4bbccfd4996cb3dc -> 
  custom:framework-win-MediaFoundation: 216162199b28c13a410421893ffa2e32 -> 
  custom:video-encoder-webm-vp8: eb34c28f22e8b96e1ab97ce403110664 -> 
  custom:audio-decoder-ogg-vorbis: bf7c407c2cedff20999df2af8eb42d56 -> 
  custom:CustomObjectIndexerAttribute: 9a22284fe3817be447336de3de66b15e -> 
  custom:container-demuxer-webm: 4f35f7cbe854078d1ac9338744f61a02 -> 
  custom:audio-encoder-webm-vorbis: bf7c407c2cedff20999df2af8eb42d56 -> 
  custom:container-muxer-webm: aa71ff27fc2769a1b78a27578f13a17b -> 
========================================================================
Received Import Request.
  Time since last request: 94.787087 seconds.
  path: Assets/map/communityMap/Models 1/barrierWhite.fbx
  artifactKey: Guid(3f7034dee86edf44b98216e535da36d2) Importer(815301076,1909f56bfc062723c751e8b465ee728b)
Start importing Assets/map/communityMap/Models 1/barrierWhite.fbx using Guid(3f7034dee86edf44b98216e535da36d2) Importer(815301076,1909f56bfc062723c751e8b465ee728b) [PhysX] Initialized MultithreadedTaskDispatcher with 12 workers.
[PhysX] Initialized MultithreadedTaskDispatcher with 12 workers.
[PhysX] Initialized MultithreadedTaskDispatcher with 12 workers.
[PhysX] Initialized MultithreadedTaskDispatcher with 12 workers.
 -> (artifact id: '9d7cf0da19cb233922e7af1e59949fb7') in 0.179368 seconds
Number of updated asset objects reloaded before import = 0
Number of asset objects unloaded after import = 8
========================================================================
Received Import Request.
  Time since last request: 0.000042 seconds.
  path: Assets/Characters/Materials/helmet_2012_glass.mat
  artifactKey: Guid(fa9105ca7abcc794a81757333aa7ad52) Importer(815301076,1909f56bfc062723c751e8b465ee728b)
Start importing Assets/Characters/Materials/helmet_2012_glass.mat using Guid(fa9105ca7abcc794a81757333aa7ad52) Importer(815301076,1909f56bfc062723c751e8b465ee728b) [PhysX] Initialized MultithreadedTaskDispatcher with 12 workers.
[PhysX] Initialized MultithreadedTaskDispatcher with 12 workers.
 -> (artifact id: 'c76ef6258ebd839506ae0ee63ee4f63d') in 0.017073 seconds
Number of updated asset objects reloaded before import = 0
Number of asset objects unloaded after import = 2
========================================================================
Received Import Request.
  Time since last request: 0.000031 seconds.
  path: Assets/SkySerie Freebie/HighFantasy.mat
  artifactKey: Guid(e2341a9d03e86ec4290c72b1e22bbc7c) Importer(815301076,1909f56bfc062723c751e8b465ee728b)
Start importing Assets/SkySerie Freebie/HighFantasy.mat using Guid(e2341a9d03e86ec4290c72b1e22bbc7c) Importer(815301076,1909f56bfc062723c751e8b465ee728b) [PhysX] Initialized MultithreadedTaskDispatcher with 12 workers.
[PhysX] Initialized MultithreadedTaskDispatcher with 12 workers.
 -> (artifact id: 'adea2c65090134d1757d6a7fa102350d') in 0.063153 seconds
Number of updated asset objects reloaded before import = 0
Number of asset objects unloaded after import = 2
========================================================================
Received Import Request.
  Time since last request: 0.000028 seconds.
  path: Assets/Characters/Materials/hans.mat
  artifactKey: Guid(7719ec28384f9dd4c845409528e9694c) Importer(815301076,1909f56bfc062723c751e8b465ee728b)
Start importing Assets/Characters/Materials/hans.mat using Guid(7719ec28384f9dd4c845409528e9694c) Importer(815301076,1909f56bfc062723c751e8b465ee728b) [PhysX] Initialized MultithreadedTaskDispatcher with 12 workers.
[PhysX] Initialized MultithreadedTaskDispatcher with 12 workers.
 -> (artifact id: '58495fce856b215dd627d548d4856c89') in 0.021178 seconds
Number of updated asset objects reloaded before import = 0
Number of asset objects unloaded after import = 1
========================================================================
Received Import Request.
  Time since last request: 0.000020 seconds.
  path: Assets/Photon/PhotonUnityNetworking/Demos/DemoSlotRacer/Kenney Assets/Racing Kit/Models/Materials/grey.mat
  artifactKey: Guid(b34ebdee5d4d60b43baa8cb211b29444) Importer(815301076,1909f56bfc062723c751e8b465ee728b)
Start importing Assets/Photon/PhotonUnityNetworking/Demos/DemoSlotRacer/Kenney Assets/Racing Kit/Models/Materials/grey.mat using Guid(b34ebdee5d4d60b43baa8cb211b29444) Importer(815301076,1909f56bfc062723c751e8b465ee728b) [PhysX] Initialized MultithreadedTaskDispatcher with 12 workers.
[PhysX] Initialized MultithreadedTaskDispatcher with 12 workers.
 -> (artifact id: '7e0fa8ed7f2493416f27be1f823f1064') in 0.020522 seconds
Number of updated asset objects reloaded before import = 0
Number of asset objects unloaded after import = 1
========================================================================
Received Import Request.
  Time since last request: 0.000059 seconds.
  path: Assets/map/communityMap/Models 1/roadRampLongWall.fbx
  artifactKey: Guid(38554b8c89c479d478615bdd24d9c58f) Importer(815301076,1909f56bfc062723c751e8b465ee728b)
Start importing Assets/map/communityMap/Models 1/roadRampLongWall.fbx using Guid(38554b8c89c479d478615bdd24d9c58f) Importer(815301076,1909f56bfc062723c751e8b465ee728b) [PhysX] Initialized MultithreadedTaskDispatcher with 12 workers.
[PhysX] Initialized MultithreadedTaskDispatcher with 12 workers.
[PhysX] Initialized MultithreadedTaskDispatcher with 12 workers.
[PhysX] Initialized MultithreadedTaskDispatcher with 12 workers.
[PhysX] Initialized MultithreadedTaskDispatcher with 12 workers.
[PhysX] Initialized MultithreadedTaskDispatcher with 12 workers.
 -> (artifact id: '6fab5ecdda726aa79b6407848dade99b') in 0.049325 seconds
Number of updated asset objects reloaded before import = 0
Number of asset objects unloaded after import = 10
========================================================================
Received Import Request.
  Time since last request: 0.000019 seconds.
  path: Assets/map/communityMap/Models 1/overhead.fbx
  artifactKey: Guid(4c83a7bbe35855643966baf4d97b6a36) Importer(815301076,1909f56bfc062723c751e8b465ee728b)
Start importing Assets/map/communityMap/Models 1/overhead.fbx using Guid(4c83a7bbe35855643966baf4d97b6a36) Importer(815301076,1909f56bfc062723c751e8b465ee728b) [PhysX] Initialized MultithreadedTaskDispatcher with 12 workers.
[PhysX] Initialized MultithreadedTaskDispatcher with 12 workers.
[PhysX] Initialized MultithreadedTaskDispatcher with 12 workers.
[PhysX] Initialized MultithreadedTaskDispatcher with 12 workers.
 -> (artifact id: '4c3cbf6fc062766024c766c353513c9e') in 0.039243 seconds
Number of updated asset objects reloaded before import = 0
Number of asset objects unloaded after import = 8
========================================================================
Received Import Request.
  Time since last request: 0.000037 seconds.
  path: Assets/vehicles/chiron/materials/grill 1.mat
  artifactKey: Guid(f05cc0afb9acdb14e8931dd82c8c27f2) Importer(815301076,1909f56bfc062723c751e8b465ee728b)
Start importing Assets/vehicles/chiron/materials/grill 1.mat using Guid(f05cc0afb9acdb14e8931dd82c8c27f2) Importer(815301076,1909f56bfc062723c751e8b465ee728b) [PhysX] Initialized MultithreadedTaskDispatcher with 12 workers.
[PhysX] Initialized MultithreadedTaskDispatcher with 12 workers.
 -> (artifact id: 'c94810840f298785a3038f61c4084d99') in 0.025072 seconds
Number of updated asset objects reloaded before import = 0
Number of asset objects unloaded after import = 2
========================================================================
Received Import Request.
  Time since last request: 0.000029 seconds.
  path: Assets/map/communityMap/Models 1/overheadRoundColored.fbx
  artifactKey: Guid(ac9771854d795534e99668288df91e24) Importer(815301076,1909f56bfc062723c751e8b465ee728b)
Start importing Assets/map/communityMap/Models 1/overheadRoundColored.fbx using Guid(ac9771854d795534e99668288df91e24) Importer(815301076,1909f56bfc062723c751e8b465ee728b) [PhysX] Initialized MultithreadedTaskDispatcher with 12 workers.
[PhysX] Initialized MultithreadedTaskDispatcher with 12 workers.
[PhysX] Initialized MultithreadedTaskDispatcher with 12 workers.
[PhysX] Initialized MultithreadedTaskDispatcher with 12 workers.
[PhysX] Initialized MultithreadedTaskDispatcher with 12 workers.
 -> (artifact id: '8ccef0d75ad1e1a03072756d021b986f') in 0.051268 seconds
Number of updated asset objects reloaded before import = 0
Number of asset objects unloaded after import = 9
========================================================================
Received Import Request.
  Time since last request: 0.000029 seconds.
  path: Assets/map/communityMap/Models 1/roadCornerBridgeSmall.fbx
  artifactKey: Guid(f26cdfb744ec9574797c3362da5333d6) Importer(815301076,1909f56bfc062723c751e8b465ee728b)
Start importing Assets/map/communityMap/Models 1/roadCornerBridgeSmall.fbx using Guid(f26cdfb744ec9574797c3362da5333d6) Importer(815301076,1909f56bfc062723c751e8b465ee728b) [PhysX] Initialized MultithreadedTaskDispatcher with 12 workers.
[PhysX] Initialized MultithreadedTaskDispatcher with 12 workers.
[PhysX] Initialized MultithreadedTaskDispatcher with 12 workers.
[PhysX] Initialized MultithreadedTaskDispatcher with 12 workers.
[PhysX] Initialized MultithreadedTaskDispatcher with 12 workers.
[PhysX] Initialized MultithreadedTaskDispatcher with 12 workers.
 -> (artifact id: '87ab6b9242f6477bbaa0272c4958d6a2') in 0.053135 seconds
Number of updated asset objects reloaded before import = 0
Number of asset objects unloaded after import = 10
========================================================================
Received Import Request.
  Time since last request: 0.000022 seconds.
  path: Assets/Photon/PhotonUnityNetworking/Demos/DemoSlotRacer/Kenney Assets/Stylized city/Materials/ground_green.mat
  artifactKey: Guid(fef45cc204351a9458f02ad7c0243f18) Importer(815301076,1909f56bfc062723c751e8b465ee728b)
Start importing Assets/Photon/PhotonUnityNetworking/Demos/DemoSlotRacer/Kenney Assets/Stylized city/Materials/ground_green.mat using Guid(fef45cc204351a9458f02ad7c0243f18) Importer(815301076,1909f56bfc062723c751e8b465ee728b) [PhysX] Initialized MultithreadedTaskDispatcher with 12 workers.
[PhysX] Initialized MultithreadedTaskDispatcher with 12 workers.
 -> (artifact id: '5147749e80c3a3e1418537ecbf44967e') in 0.033687 seconds
Number of updated asset objects reloaded before import = 0
Number of asset objects unloaded after import = 1
========================================================================
Received Import Request.
  Time since last request: 0.000042 seconds.
  path: Assets/map/communityMap/Models 1/roadCornerBridgeLarger.fbx
  artifactKey: Guid(d666f20391fbc844a8a9fc30386fbbf1) Importer(815301076,1909f56bfc062723c751e8b465ee728b)
Start importing Assets/map/communityMap/Models 1/roadCornerBridgeLarger.fbx using Guid(d666f20391fbc844a8a9fc30386fbbf1) Importer(815301076,1909f56bfc062723c751e8b465ee728b) [PhysX] Initialized MultithreadedTaskDispatcher with 12 workers.
[PhysX] Initialized MultithreadedTaskDispatcher with 12 workers.
[PhysX] Initialized MultithreadedTaskDispatcher with 12 workers.
[PhysX] Initialized MultithreadedTaskDispatcher with 12 workers.
[PhysX] Initialized MultithreadedTaskDispatcher with 12 workers.
[PhysX] Initialized MultithreadedTaskDispatcher with 12 workers.
 -> (artifact id: 'b90b6027a0fc056ff8a523be31bddae3') in 0.069914 seconds
Number of updated asset objects reloaded before import = 0
Number of asset objects unloaded after import = 10
========================================================================
Received Import Request.
  Time since last request: 0.000026 seconds.
  path: Assets/Characters/textures 2/Materials/hans.mat
  artifactKey: Guid(e709cf9145419bb4f9db5db76de7fe0f) Importer(815301076,1909f56bfc062723c751e8b465ee728b)
Start importing Assets/Characters/textures 2/Materials/hans.mat using Guid(e709cf9145419bb4f9db5db76de7fe0f) Importer(815301076,1909f56bfc062723c751e8b465ee728b) [PhysX] Initialized MultithreadedTaskDispatcher with 12 workers.
[PhysX] Initialized MultithreadedTaskDispatcher with 12 workers.
 -> (artifact id: 'ce92df00536e31f50242e1cfdfb05b82') in 0.052369 seconds
Number of updated asset objects reloaded before import = 0
Number of asset objects unloaded after import = 2
========================================================================
Received Import Request.
  Time since last request: 0.000057 seconds.
  path: Assets/map/communityMap/Models 1/overheadRound.fbx
  artifactKey: Guid(cbb438f62f5b7124eb04e2960df40d12) Importer(815301076,1909f56bfc062723c751e8b465ee728b)
Start importing Assets/map/communityMap/Models 1/overheadRound.fbx using Guid(cbb438f62f5b7124eb04e2960df40d12) Importer(815301076,1909f56bfc062723c751e8b465ee728b) [PhysX] Initialized MultithreadedTaskDispatcher with 12 workers.
[PhysX] Initialized MultithreadedTaskDispatcher with 12 workers.
[PhysX] Initialized MultithreadedTaskDispatcher with 12 workers.
[PhysX] Initialized MultithreadedTaskDispatcher with 12 workers.
[PhysX] Initialized MultithreadedTaskDispatcher with 12 workers.
 -> (artifact id: '06e5a9cf89977429dacdf3870d6fa422') in 0.056082 seconds
Number of updated asset objects reloaded before import = 0
Number of asset objects unloaded after import = 9
========================================================================
Received Import Request.
  Time since last request: 0.000035 seconds.
  path: Assets/map/communityMap/materials/Vehicles/Hub.mat
  artifactKey: Guid(b4d528af991d358409050c44ebefd0dc) Importer(815301076,1909f56bfc062723c751e8b465ee728b)
Start importing Assets/map/communityMap/materials/Vehicles/Hub.mat using Guid(b4d528af991d358409050c44ebefd0dc) Importer(815301076,1909f56bfc062723c751e8b465ee728b) [PhysX] Initialized MultithreadedTaskDispatcher with 12 workers.
[PhysX] Initialized MultithreadedTaskDispatcher with 12 workers.
 -> (artifact id: '739e6aa1112acdea1cbc4614b0d062d5') in 0.029520 seconds
Number of updated asset objects reloaded before import = 0
Number of asset objects unloaded after import = 1
========================================================================
Received Import Request.
  Time since last request: 0.000085 seconds.
  path: Assets/vehicles/chiron/materials/int.mat
  artifactKey: Guid(db83aad6e1cdfa941af0d69ef9c08d6f) Importer(815301076,1909f56bfc062723c751e8b465ee728b)
Start importing Assets/vehicles/chiron/materials/int.mat using Guid(db83aad6e1cdfa941af0d69ef9c08d6f) Importer(815301076,1909f56bfc062723c751e8b465ee728b) [PhysX] Initialized MultithreadedTaskDispatcher with 12 workers.
[PhysX] Initialized MultithreadedTaskDispatcher with 12 workers.
 -> (artifact id: '2e531ac759a5a6adbf6acf0fe4ce0019') in 0.026858 seconds
Number of updated asset objects reloaded before import = 0
Number of asset objects unloaded after import = 1
========================================================================
Received Import Request.
  Time since last request: 0.000038 seconds.
  path: Assets/map/communityMap/Models 1/rail.fbx
  artifactKey: Guid(46aa376303af644429f1e2014ecb4f8b) Importer(815301076,1909f56bfc062723c751e8b465ee728b)
Start importing Assets/map/communityMap/Models 1/rail.fbx using Guid(46aa376303af644429f1e2014ecb4f8b) Importer(815301076,1909f56bfc062723c751e8b465ee728b) [PhysX] Initialized MultithreadedTaskDispatcher with 12 workers.
[PhysX] Initialized MultithreadedTaskDispatcher with 12 workers.
[PhysX] Initialized MultithreadedTaskDispatcher with 12 workers.
[PhysX] Initialized MultithreadedTaskDispatcher with 12 workers.
 -> (artifact id: 'a00583e95f34e1dd40ed5146ffbb7271') in 0.043896 seconds
Number of updated asset objects reloaded before import = 0
Number of asset objects unloaded after import = 8
========================================================================
Received Import Request.
  Time since last request: 0.000027 seconds.
  path: Assets/map/communityMap/Models 1/roadCornerBridgeLarge.fbx
  artifactKey: Guid(0f3c7029ef0f80a47ba863a43b4c929a) Importer(815301076,1909f56bfc062723c751e8b465ee728b)
Start importing Assets/map/communityMap/Models 1/roadCornerBridgeLarge.fbx using Guid(0f3c7029ef0f80a47ba863a43b4c929a) Importer(815301076,1909f56bfc062723c751e8b465ee728b) [PhysX] Initialized MultithreadedTaskDispatcher with 12 workers.
[PhysX] Initialized MultithreadedTaskDispatcher with 12 workers.
[PhysX] Initialized MultithreadedTaskDispatcher with 12 workers.
[PhysX] Initialized MultithreadedTaskDispatcher with 12 workers.
[PhysX] Initialized MultithreadedTaskDispatcher with 12 workers.
[PhysX] Initialized MultithreadedTaskDispatcher with 12 workers.
 -> (artifact id: '89a41fe55096add7a33190dede967cd6') in 0.056850 seconds
Number of updated asset objects reloaded before import = 0
Number of asset objects unloaded after import = 10
========================================================================
Received Import Request.
  Time since last request: 0.000023 seconds.
  path: Assets/map/communityMap/Models 1/railDouble.fbx
  artifactKey: Guid(6e13e80bfd7aaaa4e99afd5d87203a83) Importer(815301076,1909f56bfc062723c751e8b465ee728b)
Start importing Assets/map/communityMap/Models 1/railDouble.fbx using Guid(6e13e80bfd7aaaa4e99afd5d87203a83) Importer(815301076,1909f56bfc062723c751e8b465ee728b) [PhysX] Initialized MultithreadedTaskDispatcher with 12 workers.
[PhysX] Initialized MultithreadedTaskDispatcher with 12 workers.
[PhysX] Initialized MultithreadedTaskDispatcher with 12 workers.
[PhysX] Initialized MultithreadedTaskDispatcher with 12 workers.
 -> (artifact id: '1b371f28de4f926c87a511cbe963530a') in 0.050670 seconds
Number of updated asset objects reloaded before import = 0
Number of asset objects unloaded after import = 8
========================================================================
Received Import Request.
  Time since last request: 0.000055 seconds.
  path: Assets/Photon/PhotonUnityNetworking/Demos/DemoSlotRacer/Kenney Assets/Stylized city/Materials/ground_green232.mat
  artifactKey: Guid(fd4000dd854ad0e40ba2a59fab94cad1) Importer(815301076,1909f56bfc062723c751e8b465ee728b)
Start importing Assets/Photon/PhotonUnityNetworking/Demos/DemoSlotRacer/Kenney Assets/Stylized city/Materials/ground_green232.mat using Guid(fd4000dd854ad0e40ba2a59fab94cad1) Importer(815301076,1909f56bfc062723c751e8b465ee728b) [PhysX] Initialized MultithreadedTaskDispatcher with 12 workers.
[PhysX] Initialized MultithreadedTaskDispatcher with 12 workers.
 -> (artifact id: 'a5358d77ceb3819322087f05939b5f88') in 0.032621 seconds
Number of updated asset objects reloaded before import = 0
Number of asset objects unloaded after import = 1
========================================================================
Received Import Request.
  Time since last request: 0.000046 seconds.
  path: Assets/Photon/PhotonUnityNetworking/Demos/DemoSlotRacer/Kenney Assets/Stylized city/Materials/insides_3.mat
  artifactKey: Guid(cdcec2345c1d1af4da10b1c5d9cbff65) Importer(815301076,1909f56bfc062723c751e8b465ee728b)
Start importing Assets/Photon/PhotonUnityNetworking/Demos/DemoSlotRacer/Kenney Assets/Stylized city/Materials/insides_3.mat using Guid(cdcec2345c1d1af4da10b1c5d9cbff65) Importer(815301076,1909f56bfc062723c751e8b465ee728b) [PhysX] Initialized MultithreadedTaskDispatcher with 12 workers.
[PhysX] Initialized MultithreadedTaskDispatcher with 12 workers.
 -> (artifact id: 'c970831a7b2fc16adfa984c5be69229b') in 0.025708 seconds
Number of updated asset objects reloaded before import = 0
Number of asset objects unloaded after import = 1
========================================================================
Received Import Request.
  Time since last request: 0.000063 seconds.
  path: Assets/map/communityMap/Models 1/roadStraightBridgeStart.fbx
  artifactKey: Guid(ce0e2fc598cbbcb46b2fb83b9e8e620f) Importer(815301076,1909f56bfc062723c751e8b465ee728b)
Start importing Assets/map/communityMap/Models 1/roadStraightBridgeStart.fbx using Guid(ce0e2fc598cbbcb46b2fb83b9e8e620f) Importer(815301076,1909f56bfc062723c751e8b465ee728b) [PhysX] Initialized MultithreadedTaskDispatcher with 12 workers.
[PhysX] Initialized MultithreadedTaskDispatcher with 12 workers.
[PhysX] Initialized MultithreadedTaskDispatcher with 12 workers.
[PhysX] Initialized MultithreadedTaskDispatcher with 12 workers.
[PhysX] Initialized MultithreadedTaskDispatcher with 12 workers.
[PhysX] Initialized MultithreadedTaskDispatcher with 12 workers.
 -> (artifact id: '5dd7757e8302321d71cd500ab4a59f65') in 0.068565 seconds
Number of updated asset objects reloaded before import = 0
Number of asset objects unloaded after import = 10
========================================================================
Received Import Request.
  Time since last request: 0.000078 seconds.
  path: Assets/map/communityMap/Models 1/barrierWall.fbx
  artifactKey: Guid(bbb9c0b7b9b73264c9af014210b7c634) Importer(815301076,1909f56bfc062723c751e8b465ee728b)
Start importing Assets/map/communityMap/Models 1/barrierWall.fbx using Guid(bbb9c0b7b9b73264c9af014210b7c634) Importer(815301076,1909f56bfc062723c751e8b465ee728b) [PhysX] Initialized MultithreadedTaskDispatcher with 12 workers.
[PhysX] Initialized MultithreadedTaskDispatcher with 12 workers.
[PhysX] Initialized MultithreadedTaskDispatcher with 12 workers.
[PhysX] Initialized MultithreadedTaskDispatcher with 12 workers.
[PhysX] Initialized MultithreadedTaskDispatcher with 12 workers.
 -> (artifact id: '1a36ffc398e6c75d14e092b6dc1539e8') in 0.042525 seconds
Number of updated asset objects reloaded before import = 0
Number of asset objects unloaded after import = 9
========================================================================
Received Import Request.
  Time since last request: 0.000020 seconds.
  path: Assets/Characters/textures 2/Materials/helmet_2012_glass.mat
  artifactKey: Guid(174c8beebc8c3474184774832e779de2) Importer(815301076,1909f56bfc062723c751e8b465ee728b)
Start importing Assets/Characters/textures 2/Materials/helmet_2012_glass.mat using Guid(174c8beebc8c3474184774832e779de2) Importer(815301076,1909f56bfc062723c751e8b465ee728b) [PhysX] Initialized MultithreadedTaskDispatcher with 12 workers.
[PhysX] Initialized MultithreadedTaskDispatcher with 12 workers.
 -> (artifact id: '14b885c41ab7155d5e67a66df2405b0a') in 0.037541 seconds
Number of updated asset objects reloaded before import = 0
Number of asset objects unloaded after import = 2
========================================================================
Received Import Request.
  Time since last request: 0.000041 seconds.
  path: Assets/map/communityMap/Models 1/overheadLights.fbx
  artifactKey: Guid(8480e807bb895834a904cf0e56a7226b) Importer(815301076,1909f56bfc062723c751e8b465ee728b)
Start importing Assets/map/communityMap/Models 1/overheadLights.fbx using Guid(8480e807bb895834a904cf0e56a7226b) Importer(815301076,1909f56bfc062723c751e8b465ee728b) [PhysX] Initialized MultithreadedTaskDispatcher with 12 workers.
[PhysX] Initialized MultithreadedTaskDispatcher with 12 workers.
[PhysX] Initialized MultithreadedTaskDispatcher with 12 workers.
[PhysX] Initialized MultithreadedTaskDispatcher with 12 workers.
[PhysX] Initialized MultithreadedTaskDispatcher with 12 workers.
[PhysX] Initialized MultithreadedTaskDispatcher with 12 workers.
 -> (artifact id: '461a8ab81eef0777cb8d7f3aa7a16fd4') in 0.060680 seconds
Number of updated asset objects reloaded before import = 0
Number of asset objects unloaded after import = 10
========================================================================
Received Prepare
Caller must complete domain reload
Begin MonoManager ReloadAssembly
- Loaded All Assemblies, in  0.395 seconds
Native extension for WindowsStandalone target not found
Native extension for Android target not found
[Package Manager] Server::EnsureServerProcessIsRunning -- launch failed, reason: Unity was launched with the -noUpm command-line argument
[Package Manager] UpmClient::Send -- Unable to send message (not connected to UPM process).
[Package Manager] Cannot connect to Unity Package Manager local server
Mono: successfully reloaded assembly
- Finished resetting the current domain, in  0.735 seconds
Domain Reload Profiling: 1131ms
	BeginReloadAssembly (150ms)
		ExecutionOrderSort (0ms)
		DisableScriptedObjects (4ms)
		BackupInstance (0ms)
		ReleaseScriptingObjects (0ms)
		CreateAndSetChildDomain (34ms)
	RebuildCommonClasses (34ms)
	RebuildNativeTypeToScriptingClass (12ms)
	initialDomainReloadingComplete (30ms)
	LoadAllAssembliesAndSetupDomain (169ms)
		LoadAssemblies (240ms)
		RebuildTransferFunctionScriptingTraits (0ms)
		AnalyzeDomain (14ms)
			TypeCache.Refresh (5ms)
				TypeCache.ScanAssembly (0ms)
			ScanForSourceGeneratedMonoScriptInfo (0ms)
			ResolveRequiredComponents (7ms)
	FinalizeReload (737ms)
		ReleaseScriptCaches (0ms)
		RebuildScriptCaches (0ms)
		SetupLoadedEditorAssemblies (449ms)
			LogAssemblyErrors (0ms)
			InitializePlatformSupportModulesInManaged (15ms)
			SetLoadedEditorAssemblies (5ms)
			RefreshPlugins (0ms)
			BeforeProcessingInitializeOnLoad (46ms)
			ProcessInitializeOnLoadAttributes (341ms)
			ProcessInitializeOnLoadMethodAttributes (38ms)
			AfterProcessingInitializeOnLoad (4ms)
			EditorAssembliesLoaded (0ms)
		ExecutionOrderSort2 (0ms)
		AwakeInstancesAfterBackupRestoration (9ms)
Refreshing native plugins compatible for Editor in 2.23 ms, found 2 plugins.
Preloading 0 native plugins for Editor in 0.00 ms.
Unloading 1815 Unused Serialized files (Serialized files now loaded: 0)
Unloading 23 unused Assets / (1.8 MB). Loaded Objects now: 2480.
Memory consumption went from 194.5 MB to 192.7 MB.
Total: 3.677700 ms (FindLiveObjects: 0.216900 ms CreateObjectMapping: 0.121100 ms MarkObjects: 2.473200 ms  DeleteObjects: 0.865400 ms)

Prepare: number of updated asset objects reloaded= 0
AssetImportParameters requested are different than current active one (requested -> active):
  custom:video-decoder-webm-vp8: 9c59270c3fd7afecdb556c50c9e8de78 -> 
  custom:SearchIndexIgnoredProperties: e643bd26f0fe6173181afceb89e7c659 -> 
  custom:container-demuxer-ogg: 62fdf1f143b41e24485cea50d1cbac27 -> 
  custom:AudioImporter_EditorPlatform: d09bf68614088b80899f8185d706f6e7 -> 
  custom:video-decoder-ogg-theora: a1e56fd34408186e4bbccfd4996cb3dc -> 
  custom:framework-win-MediaFoundation: 216162199b28c13a410421893ffa2e32 -> 
  custom:video-encoder-webm-vp8: eb34c28f22e8b96e1ab97ce403110664 -> 
  custom:audio-decoder-ogg-vorbis: bf7c407c2cedff20999df2af8eb42d56 -> 
  custom:CustomObjectIndexerAttribute: 9a22284fe3817be447336de3de66b15e -> 
  custom:container-demuxer-webm: 4f35f7cbe854078d1ac9338744f61a02 -> 
  custom:audio-encoder-webm-vorbis: bf7c407c2cedff20999df2af8eb42d56 -> 
  custom:container-muxer-webm: aa71ff27fc2769a1b78a27578f13a17b -> 
Editor requested this worker to shutdown with reason: Scaling down because of idle timeout
TcpMessagingSession - receive error: operation aborted. errorcode: 995, details: The I/O operation has been aborted because of either a thread exit or an application request.
AssetImportWorker is now disconnected from the server
Process exiting
Exiting without the bug reporter. Application will terminate with return code 0